{"type": "FeatureCollection", "features": [{"type": "Feature", "properties": {"name": "Diana"}, "geometry": {"type": "Polygon", "coordinates": [[[49.6320216, -12.8167263], [49.6664918, -12.7767154], [49.6329352, -12.6948669], [49.6013736, -12.6596614], [49.5339756, -12.6763035], [49.5594505, -12.6022395], [49.5455301, -12.6052559], [49.5377789, -12.584344], [49.5615324, -12.5816387], [49.5413515, -12.5555068], [49.5450544, -12.5032239], [49.5274859, -12.5031282], [49.535677, -12.492094], [49.5163882, -12.4718918], [49.5212206, -12.4333081], [49.5056523, -12.4236524], [49.4784924, -12.4510693], [49.4748989, -12.4379093], [49.4533422, -12.4480926], [49.5034425, -12.3974886], [49.5272359, -12.4312427], [49.5371143, -12.4227936], [49.5381981, -12.3929118], [49.514152, -12.3577407], [49.477733, -12.3561222], [49.482317, -12.3792076], [49.4622127, -12.366083], [49.4403577, -12.3833501], [49.4408665, -12.3637721], [49.4267338, -12.3386996], [49.4055291, -12.3352271], [49.4152522, -12.3306463], [49.3957928, -12.2555596], [49.3571048, -12.2295431], [49.3365253, -12.2546087], [49.356863, -12.2798392], [49.3419548, -12.3115428], [49.3092831, -12.3165733], [49.3098423, -12.2745398], [49.289041, -12.266909], [49.2655847, -12.3059785], [49.1955449, -12.3056444], [49.190583, -12.3184766], [49.2082511, -12.2533685], [49.2224055, -12.2519149], [49.252774, -12.2941024], [49.2833934, -12.2587439], [49.282716, -12.2419939], [49.2479415, -12.2324999], [49.216367, -12.247534], [49.2036526, -12.2413182], [49.2407901, -12.2048887], [49.2225333, -12.1798856], [49.2554451, -12.1427946], [49.2608445, -12.1818299], [49.2906466, -12.1898734], [49.295852, -12.1949297], [49.2964075, -12.2103909], [49.3009681, -12.2140259], [49.2973988, -12.1781936], [49.3136007, -12.1629634], [49.3567773, -12.2105003], [49.3687251, -12.2113178], [49.3282998, -12.1089435], [49.3452713, -12.1211514], [49.3398181, -12.1038897], [49.3596858, -12.1083997], [49.3397718, -12.0626141], [49.2867678, -12.0591034], [49.3275223, -12.0513322], [49.3197268, -12.0346203], [49.2992952, -12.0449948], [49.3150423, -12.0332572], [49.3125957, -12.0094707], [49.2947762, -12.0015595], [49.3052267, -11.9926195], [49.2948338, -11.9708574], [49.2618849, -11.9771273], [49.2730352, -11.9549366], [49.2448086, -11.9524309], [49.2049295, -11.9904272], [49.23163, -11.9865616], [49.226301, -12.030327], [49.2003958, -11.9956396], [49.191268, -12.0141894], [49.2191127, -12.0348623], [49.1898345, -12.0244182], [49.1631122, -12.041209], [49.202142, -12.0439849], [49.1936553, -12.0666659], [49.201776, -12.0867764], [49.2187966, -12.0859848], [49.2240261, -12.1159578], [49.2098564, -12.1201934], [49.2031943, -12.0980182], [49.1917383, -12.1217334], [49.1769098, -12.0864861], [49.165983, -12.0896745], [49.1712334, -12.0743409], [49.1444606, -12.0725944], [49.1477845, -12.0584715], [49.1380468, -12.0777689], [49.1468961, -12.0884046], [49.1173608, -12.087686], [49.0854277, -12.1051494], [49.1163827, -12.114285], [49.1393895, -12.1020209], [49.1291611, -12.0929292], [49.1312792, -12.089058], [49.1521083, -12.1113515], [49.151085, -12.122175], [49.1669058, -12.1213193], [49.1508379, -12.1422258], [49.1722441, -12.1203152], [49.2012889, -12.1467663], [49.1880975, -12.1807515], [49.1699988, -12.1624891], [49.1436681, -12.2092338], [49.1596891, -12.230635], [49.1476837, -12.2711897], [49.1311892, -12.2893797], [49.1143171, -12.2519074], [49.0988398, -12.2765652], [49.0898359, -12.2599744], [49.0894313, -12.3186997], [49.0582169, -12.3180349], [49.0591862, -12.2930549], [49.0550067, -12.2914796], [49.0376733, -12.3150543], [49.046658, -12.3223314], [49.0447669, -12.3300456], [49.0247646, -12.3072337], [49.0124626, -12.340631], [48.9983969, -12.3298377], [48.9715744, -12.3429056], [48.962102, -12.3649868], [48.9747737, -12.3697179], [48.9835175, -12.3794826], [48.9711895, -12.3927443], [48.965512, -12.3814975], [48.9739794, -12.4047432], [48.9539231, -12.4058806], [48.9384282, -12.4916642], [48.9148719, -12.4935113], [48.9080623, -12.5081221], [48.8848505, -12.5246489], [48.8800966, -12.5041878], [48.8991942, -12.4987024], [48.8509803, -12.4169323], [48.7849849, -12.4122799], [48.7612871, -12.3950871], [48.7202594, -12.442906], [48.7590917, -12.4678259], [48.7725059, -12.431494], [48.7737891, -12.4806968], [48.8227534, -12.5307503], [48.8245749, -12.5691629], [48.8900974, -12.537524], [48.8528737, -12.6157849], [48.882588, -12.5901367], [48.889517, -12.6086078], [48.8525344, -12.6407656], [48.8533681, -12.6665282], [48.8893544, -12.6603772], [48.900145, -12.7676097], [48.9270957, -12.7933221], [48.9431831, -12.7836604], [48.9567968, -12.8203415], [48.9743857, -12.8199626], [48.9666212, -12.8389629], [48.9566908, -12.833477], [48.9535649, -12.8790426], [48.9828809, -12.8737317], [48.9906953, -12.8978757], [49.0084299, -12.8964658], [48.9753506, -12.9286661], [48.9602739, -12.9097461], [48.9533869, -12.949358], [48.9668724, -12.9540998], [48.9663984, -12.9801108], [48.9242278, -13.013776], [48.8773682, -13.0260172], [48.8839193, -13.05828], [48.8616417, -13.0591763], [48.8437783, -13.0856121], [48.8429433, -13.1284069], [48.8257112, -13.130418], [48.8444432, -13.1354203], [48.8386268, -13.1614995], [48.8342162, -13.154246], [48.8312663, -13.1541246], [48.8274568, -13.1571877], [48.8312041, -13.1548817], [48.8368595, -13.164439], [48.8459595, -13.1630914], [48.8475535, -13.1682184], [48.8235166, -13.1780969], [48.8266105, -13.2181957], [48.8466026, -13.210813], [48.8486125, -13.2513944], [48.9043304, -13.2691146], [48.8153479, -13.2961817], [48.8024993, -13.32131], [48.8200832, -13.3486146], [48.8098096, -13.3685074], [48.8295785, -13.3602855], [48.8331671, -13.3855556], [48.8021393, -13.4131019], [48.773405, -13.3967717], [48.7698764, -13.4085872], [48.8003039, -13.4183832], [48.7870019, -13.4344915], [48.769179, -13.4271234], [48.7316867, -13.4692806], [48.7194253, -13.4580959], [48.699221, -13.4798012], [48.6990515, -13.442459], [48.6736325, -13.4592216], [48.6758659, -13.4731481], [48.6683458, -13.4617478], [48.6601925, -13.4614144], [48.6947069, -13.5114347], [48.6882225, -13.5288862], [48.6613201, -13.4807385], [48.6403069, -13.4769368], [48.6495322, -13.4516239], [48.5931476, -13.4566612], [48.6224517, -13.4731632], [48.6186715, -13.4829126], [48.5895972, -13.4958961], [48.6013863, -13.4747653], [48.5665727, -13.4829279], [48.5834005, -13.4709878], [48.5797777, -13.4518978], [48.5357785, -13.4324159], [48.5432282, -13.4499984], [48.5338742, -13.4385771], [48.5337504, -13.4506782], [48.5171889, -13.4494853], [48.5296525, -13.4398232], [48.5229245, -13.4160678], [48.4930483, -13.405473], [48.5057224, -13.4007063], [48.5085746, -13.3919797], [48.4888803, -13.3889523], [48.4921906, -13.374051], [48.4726404, -13.3826108], [48.4719992, -13.3684426], [48.4681744, -13.3946677], [48.4766217, -13.4295129], [48.5178931, -13.4832237], [48.5062212, -13.4923775], [48.5214474, -13.4957466], [48.5178154, -13.5161817], [48.5295565, -13.5259532], [48.5407494, -13.5122881], [48.5390531, -13.5237294], [48.559963, -13.5030361], [48.5624237, -13.5287222], [48.5503956, -13.5211374], [48.5113221, -13.5838367], [48.5001802, -13.5669885], [48.479693, -13.587896], [48.4863838, -13.5524307], [48.4722551, -13.5445638], [48.4453957, -13.595271], [48.4228971, -13.5580915], [48.4194679, -13.5831599], [48.4048815, -13.5691051], [48.4077847, -13.5925651], [48.3607023, -13.6134397], [48.3721408, -13.6264341], [48.355258, -13.6296019], [48.3545597, -13.6450421], [48.3327262, -13.643521], [48.3435684, -13.662689], [48.3227925, -13.6722488], [48.3461611, -13.6897498], [48.3329392, -13.6947566], [48.3487575, -13.7047101], [48.3400199, -13.7207067], [48.3530864, -13.7178868], [48.3365722, -13.7228583], [48.3435221, -13.7370932], [48.3615485, -13.7420087], [48.3513476, -13.7554568], [48.3660132, -13.7512372], [48.3359488, -13.7779467], [48.3442079, -13.7929684], [48.3405117, -13.7937008], [48.3395311, -13.7872538], [48.3343365, -13.7807613], [48.3330195, -13.7807469], [48.3325398, -13.7997932], [48.3197362, -13.7906429], [48.2729279, -13.8291298], [48.2492201, -13.8064681], [48.2289578, -13.8269638], [48.2183819, -13.8301906], [48.2265619, -13.8179266], [48.2097112, -13.7840124], [48.1575606, -13.7623065], [48.1609936, -13.7396933], [48.1757859, -13.7468136], [48.1859851, -13.7307125], [48.155062, -13.7293281], [48.1647008, -13.6831032], [48.138957, -13.6676194], [48.1523841, -13.6345671], [48.1366761, -13.6385051], [48.134073, -13.614278], [48.1463351, -13.6012906], [48.1094187, -13.6072999], [48.1119993, -13.5898257], [48.104369, -13.5897372], [48.0899615, -13.6274082], [48.0763791, -13.6190118], [48.0722254, -13.6570587], [48.0571158, -13.6516433], [48.0928361, -13.5859992], [48.0792727, -13.5976811], [48.0791893, -13.5830081], [48.0642054, -13.5818023], [48.0883569, -13.5756505], [48.0636979, -13.5267122], [48.0151346, -13.5289686], [48.0583447, -13.5662892], [48.024601, -13.5715517], [48.0347616, -13.579652], [48.0139234, -13.5837788], [48.0184884, -13.5974753], [47.9956774, -13.5880393], [48.006196, -13.6052184], [48.0002017, -13.6078085], [47.9843678, -13.5884324], [47.9971314, -13.5781117], [48.0032391, -13.5545655], [47.9839613, -13.5769828], [47.9660649, -13.5554468], [48.0029117, -13.532145], [47.9714826, -13.5037746], [47.9368362, -13.5748403], [47.954761, -13.5774598], [47.9491915, -13.5739221], [47.9614126, -13.5621945], [47.9515225, -13.5921699], [47.9704448, -13.5902714], [47.9630102, -13.6060612], [47.9831471, -13.6170175], [47.9824126, -13.6214021], [47.9613814, -13.623198], [47.9395372, -13.6018355], [47.9491768, -13.5939996], [47.8941553, -13.592071], [47.8786299, -13.700622], [47.8937748, -13.7118995], [47.9010398, -13.7031915], [47.9281656, -13.7039014], [47.9166892, -13.7338959], [47.8809241, -13.7160401], [47.8584195, -13.7708737], [47.8834584, -13.8153709], [47.8946824, -13.7964481], [47.8941171, -13.8252844], [47.8760241, -13.8105675], [47.8722884, -13.8281152], [47.8929381, -13.9002038], [47.9417016, -13.9223997], [47.9289105, -13.9111], [47.940911, -13.90156], [47.9498415, -13.9201138], [47.9644775, -13.91067], [47.9807379, -13.9252712], [47.998577, -13.9191323], [47.990788, -13.9076456], [48.0192105, -13.9145893], [48.0116254, -13.9307118], [47.9973578, -13.9267407], [48.002364, -13.9336866], [47.9880253, -13.9386951], [47.9891522, -13.9443438], [48.0316329, -13.9322436], [48.046257, -13.953013], [48.0226938, -13.9511812], [48.0180291, -13.9655377], [48.0344838, -13.9566014], [48.0405163, -13.9691589], [48.0031058, -13.9774709], [48.0051488, -13.998549], [47.9859441, -13.9817042], [47.9883984, -14.008442], [47.9342643, -14.0009956], [47.9245185, -14.0120532], [48.0013577, -14.0649558], [48.0249665, -14.0628219], [48.0255505, -14.028717], [48.0860457, -13.9989582], [48.0731001, -13.9655338], [48.0992485, -13.9684042], [48.16253, -13.9105769], [48.2479636, -13.8739056], [48.3135142, -13.9188056], [48.3253367, -13.9706408], [48.3124731, -14.0848589], [48.3382518, -14.1215527], [48.3654308, -14.1128814], [48.3775464, -14.1670392], [48.4617814, -14.1679643], [48.5159601, -14.2162268], [48.55425, -14.22762], [48.6800662, -14.2408916], [48.7252892, -14.2069337], [48.757536, -14.2081088], [48.8082938, -14.265345], [48.9727017, -14.1459734], [48.9793559, -14.164763], [48.9874937, -14.1562842], [49.0816854, -14.2069527], [49.1460244, -14.1947147], [49.1600015, -14.1242763], [49.1891203, -14.112618], [49.2237613, -14.0076844], [49.2738858, -13.9864817], [49.3191446, -13.9908091], [49.3413062, -13.9577517], [49.3384826, -13.8915205], [49.3788158, -13.84313], [49.3973337, -13.7771898], [49.4114869, -13.6808446], [49.3789647, -13.6682096], [49.3568007, -13.6297015], [49.3827619, -13.6066009], [49.367799, -13.5518738], [49.3466129, -13.5380329], [49.3582939, -13.5052222], [49.3339353, -13.4728292], [49.3425995, -13.4568881], [49.3254524, -13.4045798], [49.3563917, -13.3704825], [49.4254571, -13.3364493], [49.4058037, -13.2897575], [49.4381965, -13.2554103], [49.4521375, -13.1982966], [49.417922, -13.1708653], [49.4138053, -13.1108516], [49.4299861, -13.1124572], [49.4444811, -13.0851455], [49.481256, -13.0652471], [49.4710022, -13.0021172], [49.4956404, -12.9660017], [49.47398, -12.95015], [49.5244996, -12.8892558], [49.5146544, -12.8678761], [49.5257066, -12.8465181], [49.553138, -12.8531234], [49.5730751, -12.8115532], [49.6132815, -12.7974832], [49.6320216, -12.8167263]]]}}, {"type": "Feature", "properties": {"name": "Sava"}, "geometry": {"type": "Polygon", "coordinates": [[[49.0630606, -14.1981976], [49.0798607, -14.2624168], [49.1589813, -14.3451824], [49.2265549, -14.3646698], [49.2467384, -14.4052629], [49.328434, -14.4453897], [49.3836594, -14.5072384], [49.3582573, -14.5241241], [49.357132, -14.575263], [49.4153023, -14.6553621], [49.4461212, -14.7812405], [49.4477234, -14.8360825], [49.4224625, -14.8672714], [49.4793739, -14.9534054], [49.5082932, -14.9524479], [49.5279655, -14.9230318], [49.5206528, -14.884264], [49.5483627, -14.8821716], [49.5764771, -14.9303684], [49.6288033, -14.9567871], [49.6902695, -15.0613804], [49.7183838, -15.0646858], [49.7752037, -15.0321131], [49.7770996, -15.0598116], [49.8103943, -15.0924692], [49.8130264, -15.1481791], [49.8605156, -15.2169266], [49.9233513, -15.2439613], [49.972744, -15.2260122], [50.0115089, -15.2628403], [49.9964981, -15.338583], [50.0225792, -15.3939257], [49.9871864, -15.6525354], [50.038929, -15.7312317], [50.0461006, -15.7691717], [50.0109256, -15.8165783], [50.0165741, -15.8724414], [50.0859679, -15.9287049], [50.1445135, -15.943473], [50.1597177, -15.9967555], [50.2220986, -15.9881122], [50.2334441, -15.9745687], [50.2210343, -15.9503076], [50.2529556, -15.9252692], [50.2453445, -15.9098291], [50.2962298, -15.8747412], [50.3022857, -15.8352958], [50.340058, -15.815136], [50.3205992, -15.8098815], [50.3214195, -15.7731323], [50.422319, -15.5636816], [50.4344292, -15.4759827], [50.4617148, -15.4567531], [50.4539996, -15.4415214], [50.4371225, -15.4447004], [50.4692447, -15.4007205], [50.4520713, -15.3664106], [50.474791, -15.3600239], [50.4830903, -15.3324739], [50.4753067, -15.3131313], [50.4654682, -15.3194203], [50.4585725, -15.3166987], [50.476636, -15.3123615], [50.4723326, -15.2814322], [50.4862553, -15.2650863], [50.4634516, -15.2418725], [50.470347, -15.2096874], [50.4376693, -15.1906521], [50.4322076, -15.1494127], [50.3352917, -15.0314053], [50.3158788, -14.9515434], [50.2941261, -14.9361986], [50.2521038, -14.8039618], [50.2254809, -14.7664373], [50.2176628, -14.6685345], [50.1839158, -14.5861904], [50.1757888, -14.4632219], [50.2016036, -14.3005007], [50.185029, -14.2692035], [50.1501586, -14.2511435], [50.143102, -14.2235127], [50.1660487, -14.0517281], [50.138745, -14.0124664], [50.1396764, -13.7960243], [50.0878719, -13.6930261], [50.084959, -13.628339], [50.0597566, -13.6055696], [50.0554689, -13.5573684], [50.0248806, -13.5200795], [50.0080568, -13.4306671], [50.0169915, -13.3562841], [49.9770676, -13.3627275], [49.958068, -13.3217987], [49.9701406, -13.2861915], [49.9525774, -13.2778504], [49.9327232, -13.2049342], [49.9197278, -13.2002458], [49.9310315, -13.0451322], [49.888123, -13.0016624], [49.8703984, -12.9407751], [49.8605884, -12.9605733], [49.8426368, -12.9507025], [49.8363215, -12.9246497], [49.8557976, -12.9164903], [49.8574567, -12.8982027], [49.8280755, -12.8903427], [49.843204, -12.9132135], [49.8296226, -12.8965336], [49.8004548, -12.899236], [49.7776822, -12.8287875], [49.7872275, -12.8095065], [49.7408142, -12.797436], [49.7526271, -12.7709526], [49.7400937, -12.7839048], [49.719928, -12.7741457], [49.7278898, -12.7569207], [49.7216609, -12.7427192], [49.7202865, -12.7550804], [49.7119686, -12.7388071], [49.6948919, -12.7418154], [49.6834362, -12.7744816], [49.6926778, -12.7640917], [49.716138, -12.7707778], [49.6894912, -12.7711622], [49.6888133, -12.7752813], [49.6967927, -12.7807316], [49.6967742, -12.7843389], [49.7022595, -12.7897768], [49.7058955, -12.7975245], [49.6899565, -12.7827592], [49.6702015, -12.7952856], [49.6797649, -12.8241914], [49.663818, -12.8109705], [49.6426778, -12.8363702], [49.6140788, -12.7973003], [49.5730751, -12.8115532], [49.553138, -12.8531234], [49.5257066, -12.8465181], [49.5146544, -12.8678761], [49.5244996, -12.8892558], [49.47398, -12.95015], [49.4956404, -12.9660017], [49.4710022, -13.0021172], [49.481256, -13.0652471], [49.4095652, -13.1230125], [49.4214241, -13.1784139], [49.4521375, -13.1982966], [49.4381965, -13.2554103], [49.4058037, -13.2897575], [49.4254571, -13.3364493], [49.3563917, -13.3704825], [49.3255167, -13.4036589], [49.3425995, -13.4568881], [49.3339353, -13.4728292], [49.3582939, -13.5052222], [49.3466129, -13.5380329], [49.367799, -13.5518738], [49.3827619, -13.6066009], [49.3568007, -13.6297015], [49.3789647, -13.6682096], [49.4114869, -13.6808446], [49.3827936, -13.8336191], [49.3384826, -13.8915205], [49.3316698, -13.9364807], [49.3455447, -13.9491241], [49.3191446, -13.9908091], [49.2738858, -13.9864817], [49.2237613, -14.0076844], [49.1891203, -14.112618], [49.1600015, -14.1242763], [49.1460244, -14.1947147], [49.1239575, -14.2058613], [49.0630606, -14.1981976]]]}}, {"type": "Feature", "properties": {"name": "Analanjirofo"}, "geometry": {"type": "Polygon", "coordinates": [[[49.4457893, -14.8976622], [49.4317322, -14.9448853], [49.4310684, -15.0752335], [49.4235229, -15.0859079], [49.3741417, -15.0593805], [49.3494797, -15.0716982], [49.3541412, -15.2314539], [49.2980232, -15.2372923], [49.2824554, -15.270649], [49.2181625, -15.2871408], [49.1881523, -15.2757645], [49.1424179, -15.3126011], [48.9974785, -15.3453369], [48.985405, -15.3803511], [48.9949875, -15.4483194], [49.1088028, -15.4576836], [49.0719185, -15.5250177], [49.0759468, -15.6236658], [49.0501785, -15.681447], [49.0549164, -15.7366161], [49.0850677, -15.8627701], [49.2093811, -15.9821482], [49.1863403, -16.0971966], [49.2254105, -16.1322422], [49.2291451, -16.2218056], [49.1820793, -16.2693043], [49.1500626, -16.333807], [49.1448212, -16.3708038], [49.1671867, -16.398901], [49.1435204, -16.4404049], [49.1012459, -16.4712276], [49.0235519, -16.4806499], [48.9442177, -16.535305], [48.9356422, -16.5723381], [48.9545174, -16.6105289], [48.9377747, -16.6665516], [48.9033241, -16.6784534], [48.8883095, -16.7023394], [48.83675, -16.8386175], [48.8321762, -16.8607217], [48.8820877, -16.8929101], [48.8128395, -16.9671975], [48.7886391, -17.03504], [48.8142662, -17.1866856], [48.7866898, -17.2494144], [48.7831459, -17.3213882], [48.7829056, -17.3517837], [48.8356781, -17.363039], [48.8322067, -17.4083594], [48.8010445, -17.410654], [48.8143997, -17.4606952], [48.755043, -17.4979228], [48.7517319, -17.53063], [48.7178192, -17.5647543], [48.7189827, -17.5951327], [48.6894569, -17.6180323], [48.6955795, -17.6320284], [48.8253632, -17.6397665], [48.819973, -17.6736467], [48.8436356, -17.6983698], [48.8476219, -17.7387579], [48.8856621, -17.7263563], [48.9150581, -17.7518766], [49.0601768, -17.6947744], [49.137825, -17.7343595], [49.1990585, -17.7032793], [49.2052574, -17.668516], [49.2839088, -17.6653021], [49.2859077, -17.632593], [49.257164, -17.6145857], [49.2883148, -17.4863547], [49.3321838, -17.4846171], [49.3658218, -17.5183772], [49.3768272, -17.5575141], [49.4331665, -17.5963667], [49.4765892, -17.5662745], [49.4760611, -17.4822036], [49.4494735, -17.4566975], [49.4523868, -17.4134537], [49.4110149, -17.3705561], [49.4148455, -17.3338378], [49.5126891, -17.1030516], [49.5048993, -17.1059556], [49.497447, -17.1001061], [49.514846, -17.1012646], [49.5872206, -16.918582], [49.650349, -16.8790299], [49.8044453, -16.8502278], [49.8385443, -16.838285], [49.8019897, -16.838353], [49.759082, -16.8075602], [49.7248758, -16.7541682], [49.7212504, -16.7140728], [49.739652, -16.6910356], [49.755748, -16.6955276], [49.7460235, -16.7051085], [49.7679316, -16.6938798], [49.8067562, -16.5989562], [49.8401442, -16.5607127], [49.8471015, -16.4814705], [49.866208, -16.4555826], [49.8596676, -16.4268287], [49.828736, -16.4240591], [49.8304016, -16.3818157], [49.8129407, -16.3498283], [49.8584405, -16.222753], [49.8285158, -16.1810391], [49.7861186, -16.1734387], [49.79790817578383, -16.159845854924882], [49.758752, -16.1630321], [49.7252485, -16.1468082], [49.6750104, -16.0455347], [49.6911686, -15.9786511], [49.73103, -15.9070198], [49.7033563, -15.8733127], [49.6396295, -15.6924026], [49.6508995, -15.636266], [49.6452477, -15.6082847], [49.6208715, -15.6033414], [49.6152773, -15.5564624], [49.7026203, -15.4534704], [49.8520983, -15.4407694], [49.8646595, -15.4146162], [49.9042675, -15.4462785], [49.8938584, -15.5671554], [49.9674314, -15.6316845], [49.9552042, -15.737193], [50.0185865, -15.7864045], [50.0165185, -15.8013374], [50.0422897, -15.7895517], [50.0453987, -15.7454319], [49.9871864, -15.6525354], [50.0225792, -15.3939257], [49.9964981, -15.338583], [50.0115089, -15.2628403], [49.972744, -15.2260122], [49.9233513, -15.2439613], [49.8605156, -15.2169266], [49.8130264, -15.1481791], [49.8103943, -15.0924692], [49.7770996, -15.0598116], [49.7752037, -15.0321131], [49.7183838, -15.0646858], [49.6902695, -15.0613804], [49.6288033, -14.9567871], [49.5764771, -14.9303684], [49.5483627, -14.8821716], [49.5206528, -14.884264], [49.5260048, -14.9307737], [49.4982986, -14.9557266], [49.4793739, -14.9534054], [49.4457893, -14.8976622]]]}}, {"type": "Feature", "properties": {"name": "Amoron'i Mania"}, "geometry": {"type": "Polygon", "coordinates": [[[45.7722816, -19.8790894], [45.7544174, -19.925024], [45.7584267, -19.9790096], [45.7765121, -19.9986801], [45.7618294, -20.1503601], [45.8261909, -20.3368587], [45.7904091, -20.5196457], [45.8279648, -20.6183872], [45.8178406, -20.7118511], [45.7790833, -20.7577248], [45.7500076, -20.871397], [45.7659416, -20.9016628], [45.776226, -21.0267525], [45.8139669, -21.0392287], [45.8993208, -21.0043318], [45.9263403, -20.9701082], [46.0529081, -20.9500811], [46.1536009, -20.9016764], [46.1813757, -20.9184935], [46.2172567, -20.8369314], [46.2755606, -20.827801], [46.3185942, -20.764622], [46.4133283, -20.7048437], [46.4280645, -20.7491057], [46.4595549, -20.7601568], [46.5086614, -20.7443049], [46.535845, -20.7028105], [46.5829985, -20.7047198], [46.5845434, -20.7621157], [46.6319563, -20.8423483], [46.6949522, -20.8761332], [46.7019178, -20.8965266], [46.7526914, -20.9279577], [46.7638113, -20.9669287], [46.7807752, -20.9627554], [46.8342878, -21.0131018], [46.8481809, -20.9878866], [46.86537, -20.9864905], [46.9005682, -21.0143969], [46.9364759, -21.0124571], [46.9486067, -20.9527971], [47.0078337, -20.9428484], [47.0361463, -20.898699], [47.1247885, -20.8835757], [47.1748182, -20.8422873], [47.2155821, -20.8489001], [47.2523863, -20.8210699], [47.3066198, -20.861521], [47.3038313, -20.9332545], [47.3473837, -20.9444258], [47.3903219, -20.9165652], [47.4455015, -20.9330122], [47.457781, -20.9044459], [47.4353697, -20.8485167], [47.4656927, -20.8108942], [47.4644338, -20.759247], [47.486479, -20.7417147], [47.5272352, -20.7562887], [47.6000845, -20.7142641], [47.5873701, -20.606682], [47.6412184, -20.4854205], [47.7013571, -20.5272257], [47.7180845, -20.485285], [47.7614059, -20.4593334], [47.7429924, -20.431839], [47.6677437, -20.4093666], [47.650238, -20.3646412], [47.6591873, -20.2515602], [47.7108345, -20.1334896], [47.6942329, -20.074707], [47.497818, -20.0839939], [47.4706573, -20.068821], [47.4459648, -20.086071], [47.339817, -20.0697994], [47.2971153, -20.0764179], [47.2629318, -20.1097107], [47.2123146, -20.0833054], [47.1839027, -20.1240444], [47.1762123, -20.173111], [47.1359787, -20.1389408], [47.0689641, -20.1705398], [47.0542747, -20.1622598], [47.0220458, -20.1978983], [47.0094395, -20.1814144], [46.9875394, -20.1915539], [46.9695428, -20.1566568], [46.9114189, -20.1902468], [46.8926998, -20.2314265], [46.868979, -20.2309856], [46.8627029, -20.2690706], [46.8372824, -20.2489805], [46.8192977, -20.2772282], [46.80321, -20.267562], [46.7887056, -20.2831885], [46.754847, -20.26154], [46.7381157, -20.222621], [46.7285804, -20.2378629], [46.7440923, -20.2642173], [46.7183798, -20.2750287], [46.6895878, -20.2777819], [46.6081638, -20.2300555], [46.5754771, -20.2634922], [46.516749, -20.2657419], [46.5056344, -20.2442328], [46.4551308, -20.2399825], [46.4403547, -20.2131606], [46.368694, -20.2490017], [46.2694932, -20.2024742], [46.2522137, -20.1513717], [46.2830871, -20.1542122], [46.2918004, -20.1318404], [46.2577246, -20.0916273], [46.2844666, -20.0901312], [46.2865512, -20.0681746], [46.2204504, -20.003235], [46.2043803, -20.0382824], [46.1448933, -20.0851224], [46.1425443, -20.0488114], [46.0840101, -20.0221989], [46.0549878, -19.9497483], [46.0211551, -19.9538442], [46.0011991, -19.9286823], [45.8829651, -19.8979683], [45.8097839, -19.9039726], [45.7722816, -19.8790894]]]}}, {"type": "Feature", "properties": {"name": "Ihorombe"}, "geometry": {"type": "Polygon", "coordinates": [[[45.5213432, -21.6242466], [45.4771042, -21.6463795], [45.4781723, -21.6848335], [45.4185791, -21.7169189], [45.3685455, -21.8652687], [45.2059517, -21.9274101], [45.2173882, -21.9702816], [45.270359, -22.0259628], [45.2698174, -22.1102791], [45.2924957, -22.1472454], [45.2928314, -22.213501], [45.2398224, -22.2659569], [45.2377014, -22.3513908], [45.2024994, -22.3882637], [45.1932831, -22.4265823], [45.1454277, -22.4581299], [45.0249596, -22.675993], [45.0100784, -22.7950668], [44.9784698, -22.8697701], [44.9973335, -22.9944153], [45.064415, -23.0608978], [45.1819611, -23.0631733], [45.2270164, -23.1324787], [45.2867775, -23.1317215], [45.3409322, -23.1097707], [45.3615335, -23.1197906], [45.3649613, -23.0663801], [45.3384857, -23.0119171], [45.3879585, -22.8668346], [45.583313, -22.7647324], [45.7377396, -22.7228413], [45.7624855, -22.7009773], [45.8735886, -22.6680527], [45.9737167, -22.67626], [46.1517715, -22.7955723], [46.3195114, -23.099493], [46.4186172, -23.1707706], [46.4454727, -23.2075768], [46.4453049, -23.3889427], [46.3902626, -23.4651775], [46.4215927, -23.4919682], [46.4517174, -23.565155], [46.4808884, -23.5927811], [46.4739355, -23.6428776], [46.585684, -23.6158391], [46.7045042, -23.6428815], [46.8324682, -23.5774976], [46.8102743, -23.4933683], [46.8346846, -23.4705087], [46.8552267, -23.3911973], [46.842539, -23.274275], [46.8114035, -23.1865179], [46.8426115, -23.1630956], [46.8574125, -23.1118318], [46.7707922, -22.9858057], [46.7846548, -22.9374048], [46.8145658, -22.9165575], [46.8734762, -22.9556753], [46.8965895, -22.9193212], [46.9478475, -22.9237177], [47.0129339, -22.9966165], [47.0605795, -22.9582693], [47.0739195, -22.970894], [47.0657713, -23.0038454], [47.1226522, -23.0136396], [47.1297552, -23.045458], [47.1506674, -23.0609933], [47.1807615, -23.0408994], [47.1895124, -23.0047914], [47.1522734, -22.9537584], [47.1899206, -22.9222471], [47.1931097, -22.847439], [47.177931, -22.8176233], [47.1935026, -22.7772104], [47.1861517, -22.6932165], [47.1545317, -22.6731321], [47.1378614, -22.6183664], [47.1133711, -22.6123277], [47.1255476, -22.5595857], [47.103594, -22.5277426], [47.1074507, -22.4454595], [47.0593588, -22.3318636], [47.0114424, -22.3057119], [47.0056326, -22.2383234], [46.9519178, -22.2304861], [46.7774336, -22.1564009], [46.7077543, -22.182295], [46.6375715, -22.1797716], [46.5848104, -22.2177202], [46.5584547, -22.1711599], [46.5172407, -22.1743891], [46.5190946, -22.1319982], [46.4933912, -22.0860006], [46.4566023, -22.0887052], [46.4412405, -22.0737211], [46.4218351, -22.0136892], [46.4622442, -21.9186518], [46.4269659, -21.8826372], [46.3688719, -21.8935396], [46.3534529, -21.8452742], [46.3265325, -21.8566057], [46.2942106, -21.8452475], [46.3010313, -21.7965204], [46.2291395, -21.7995569], [46.2030775, -21.7644064], [46.1347029, -21.7671396], [46.061598, -21.7328074], [45.9644529, -21.7352755], [45.9459745, -21.6995699], [45.8647062, -21.7508642], [45.7811071, -21.7539103], [45.7117712, -21.6927855], [45.6269285, -21.6719362], [45.6023619, -21.6375677], [45.5213432, -21.6242466]]]}}, {"type": "Feature", "properties": {"name": "Melaky"}, "geometry": {"type": "Polygon", "coordinates": [[[44.907144619142386, -16.23683942095172], [44.8900262, -16.2387074], [44.9081456, -16.2729827], [44.8921454, -16.2649882], [44.8638601, -16.2824919], [44.8825272, -16.2917782], [44.8601126, -16.300782], [44.8641009, -16.320108], [44.8430455, -16.2921386], [44.8064836, -16.3074386], [44.818856, -16.3430042], [44.8064443, -16.3473731], [44.8098977, -16.36335], [44.7986838, -16.3690078], [44.7978749, -16.3769938], [44.7955619, -16.3789641], [44.7877466, -16.3648747], [44.7759955, -16.3728494], [44.799925, -16.3290743], [44.789647, -16.3347324], [44.7792397, -16.3357525], [44.7781752, -16.3331749], [44.8001045, -16.2839871], [44.7905277, -16.2591147], [44.7497339, -16.2476057], [44.7569278, -16.2535399], [44.7617046, -16.273384], [44.7539887, -16.2577871], [44.7150456, -16.2592842], [44.7322822, -16.2344447], [44.7220254, -16.2272173], [44.6154001, -16.2039915], [44.5928343, -16.2410905], [44.6015402, -16.2012612], [44.5887549, -16.1947959], [44.616756, -16.1922718], [44.5074594, -16.1841883], [44.5493021, -16.1911089], [44.5404433, -16.2171115], [44.5471091, -16.2173835], [44.5569553, -16.2264216], [44.53241, -16.2312642], [44.5329318, -16.2361604], [44.5380012, -16.235141], [44.540919, -16.2419742], [44.5459865, -16.2418569], [44.5477152, -16.2436641], [44.5475801, -16.2446943], [44.5311741, -16.2462044], [44.5151279, -16.318822], [44.4894475, -16.241986], [44.5054367, -16.2469189], [44.5031398, -16.2056915], [44.4794358, -16.1953292], [44.5028944, -16.1971888], [44.47973384742392, -16.183354584853447], [44.4519813, -16.1924262], [44.4443366, -16.2086375], [44.4567811, -16.1921809], [44.4629085, -16.1939998], [44.4587578, -16.2004303], [44.4731521, -16.2522515], [44.4672277, -16.223639], [44.4840929, -16.2499597], [44.4606599, -16.2851974], [44.4638058, -16.3209281], [44.44145, -16.3338403], [44.4594424, -16.3400705], [44.4351616, -16.3866383], [44.4692353, -16.4189312], [44.4815386, -16.409687], [44.4834016, -16.4117528], [44.4725832, -16.4301867], [44.4537737, -16.4116777], [44.4467856, -16.4286632], [44.4720867, -16.5278588], [44.4231253, -16.5869454], [44.4399363, -16.6653879], [44.4241907, -16.7172628], [44.3505941, -16.7846126], [44.1759946, -17.0774697], [44.1425007, -17.0877086], [44.1006743, -17.1601059], [44.0849812, -17.2378615], [44.0023724, -17.3402039], [43.9306127, -17.4866595], [43.9592043, -17.7378236], [44.0094173, -17.7532699], [44.0343967, -17.8006608], [44.0124929, -17.8963689], [44.0594615, -17.8664652], [44.0688809, -17.8912376], [44.0600557, -17.9069074], [44.027533, -17.9010811], [44.0263289, -17.9245141], [44.0153342, -17.9177618], [44.0180529, -18.0586668], [44.0107366, -18.0187064], [44.0201085, -18.0764495], [44.0440896, -18.073994], [44.0501157, -18.1051897], [44.071487, -18.113021], [44.0744103, -18.1286582], [44.0586781, -18.1157921], [44.0599871, -18.1479946], [44.0757588, -18.1460105], [44.0914619, -18.1831755], [44.0602043, -18.183025], [44.077057, -18.2065455], [44.0741549, -18.2456819], [44.1106418, -18.2533243], [44.0958493, -18.2728303], [44.0686911, -18.2593066], [44.0588238, -18.2893935], [44.0560225, -18.258987], [44.0528446, -18.2484109], [44.0573974, -18.2788263], [44.054426, -18.3048257], [44.0505711, -18.2450514], [44.0373733, -18.2187137], [44.0503133, -18.2924421], [44.0407038, -18.3482853], [44.0599754, -18.325844], [44.0790533, -18.4151838], [44.0896887, -18.4196135], [44.1069393, -18.4493153], [44.0570871, -18.4354234], [44.1363042, -18.5406291], [44.1334157, -18.5243895], [44.169375, -18.5142481], [44.1670817, -18.5417975], [44.1389889, -18.5437321], [44.1642966, -18.5868589], [44.1573463, -18.5997062], [44.20320529826835, -18.684772597609676], [44.2182712, -18.6856087], [44.2645636, -18.7302262], [44.262346, -18.7428381], [44.2488025, -18.7487083], [44.261236, -18.7494012], [44.2650105, -18.7518634], [44.268773, -18.7571577], [44.2679865, -18.757624], [44.247048, -18.7479285], [44.2626299, -18.7397485], [44.2562092, -18.7242693], [44.2364377, -18.7326894], [44.2130966, -18.6942158], [44.2586681, -18.8419853], [44.2385054, -18.8740988], [44.23358942986175, -18.91994182475143], [44.2393362, -18.9297349], [44.2408974, -18.8836384], [44.2728608, -18.9381112], [44.2518707, -18.9107266], [44.250054, -18.9539891], [44.2628338, -18.9409048], [44.2942906, -18.9912512], [44.2799344, -18.9927413], [44.2659317, -19.0369862], [44.27957, -19.0457968], [44.2725743, -19.0663738], [44.2796647, -19.0553268], [44.279034, -19.0759287], [44.2901797, -19.0667], [44.2957918, -19.0847505], [44.2963783, -19.0741927], [44.2968756, -19.0847546], [44.2927786, -19.092594], [44.3016223, -19.0832273], [44.3046021, -19.0832385], [44.2902817, -19.1063639], [44.3216903, -19.1113758], [44.2907741, -19.1179559], [44.2896529, -19.1267085], [44.3069149, -19.1459617], [44.3189045, -19.1300381], [44.3765536, -19.1486584], [44.3767713, -19.1628247], [44.312651802125416, -19.168477625640158], [44.4461555, -19.2001686], [44.4977417, -19.2319927], [44.5138969, -19.2609482], [44.5356865, -19.2641621], [44.5524445, -19.2939835], [44.6085129, -19.3155155], [44.6561012, -19.3021774], [44.6798134, -19.3174553], [44.7199326, -19.2968159], [44.7253418, -19.3178444], [44.7506218, -19.2946815], [44.8478165, -19.3276348], [44.9254227, -19.276762], [45.0100517, -19.2793198], [45.0321846, -19.2603798], [45.0876312, -19.2659645], [45.1023941, -19.2523766], [45.0779762, -19.2004185], [45.019268, -19.1514606], [45.0561981, -19.0945492], [44.9999275, -18.9282627], [44.9695129, -18.9172459], [44.9954109, -18.8668022], [44.985424, -18.827364], [44.9623909, -18.7708244], [44.9395447, -18.7811356], [44.9289055, -18.7652111], [44.9323998, -18.6964016], [44.8818245, -18.6259956], [44.8392296, -18.4572926], [44.7936745, -18.3639889], [44.8025475, -18.3380127], [44.8558655, -18.3052082], [44.8942299, -18.3011513], [44.9058647, -18.251688], [44.9918976, -18.165081], [45.062603, -18.1923885], [45.0882835, -18.2291393], [45.1871605, -18.1853333], [45.244957, -18.212122], [45.2671242, -18.244791], [45.3495941, -18.3013706], [45.4079361, -18.2661572], [45.4241142, -18.2258892], [45.4945679, -18.3075104], [45.5976677, -18.2310982], [45.7307396, -18.2747822], [45.7885895, -18.2187843], [45.7900238, -18.1364861], [45.844471, -18.0824528], [45.8734283, -17.9826069], [45.9146385, -17.9522495], [45.9340439, -17.9027939], [45.92873, -17.8591671], [45.9582939, -17.7987633], [45.9440556, -17.7246741], [45.9128437, -17.6885946], [45.8711987, -17.677368], [45.8242321, -17.5972802], [45.8515949, -17.5304257], [45.8907413, -17.4840161], [45.8890705, -17.4384247], [45.8517895, -17.4169117], [45.7339077, -17.4497257], [45.6329021, -17.4436356], [45.6036968, -17.4270149], [45.5552502, -17.3115993], [45.4944248, -17.0848592], [45.5178127, -16.9601509], [45.4714031, -16.9095451], [45.4522991, -16.8583423], [45.3912296, -16.8914921], [45.3492603, -16.8314353], [45.2874966, -16.7805949], [45.2665653, -16.7376662], [45.2695255, -16.672101], [45.2283649, -16.6704702], [45.1818409, -16.6249361], [45.1212673, -16.6044206], [45.0224705, -16.5077714], [45.0178738, -16.4558743], [44.9525661, -16.3805416], [44.9831982, -16.3248279], [44.907144619142386, -16.23683942095172]]]}}, {"type": "Feature", "properties": {"name": "Menabe"}, "geometry": {"type": "Polygon", "coordinates": [[[45.7544174, -19.925024], [45.8533821, -19.7453518], [45.8186046, -19.6771754], [45.8204308, -19.6007404], [45.8027802, -19.5420551], [45.8134308, -19.3587856], [45.7531509, -19.3160896], [45.745224, -19.232235], [45.6805801, -19.2069798], [45.6706314, -19.1179409], [45.5787048, -19.0717373], [45.4936867, -18.9093552], [45.5072212, -18.7898541], [45.4753799, -18.7218208], [45.6000824, -18.5773373], [45.5783463, -18.391819], [45.6088982, -18.3313065], [45.5495605, -18.272501], [45.4945679, -18.3075104], [45.4507599, -18.2651806], [45.4358521, -18.2271614], [45.4170914, -18.2329845], [45.4079361, -18.2661572], [45.3495941, -18.3013706], [45.2671242, -18.244791], [45.244957, -18.212122], [45.1871605, -18.1853333], [45.0882835, -18.2291393], [45.062603, -18.1923885], [44.9770393, -18.1711922], [44.9058647, -18.251688], [44.8942299, -18.3011513], [44.8558655, -18.3052082], [44.8025475, -18.3380127], [44.7936745, -18.3639889], [44.8392296, -18.4572926], [44.8899574, -18.6464767], [44.9323998, -18.6964016], [44.9289055, -18.7652111], [44.9395447, -18.7811356], [44.9623909, -18.7708244], [44.985424, -18.827364], [44.9954109, -18.8668022], [44.9695129, -18.9172459], [44.9999275, -18.9282627], [45.0561981, -19.0945492], [45.019268, -19.1514606], [45.0779762, -19.2004185], [45.1023941, -19.2523766], [45.0876312, -19.2659645], [45.0321846, -19.2603798], [45.0100517, -19.2793198], [44.9254227, -19.276762], [44.8478165, -19.3276348], [44.7506218, -19.2946815], [44.7253418, -19.3178444], [44.7199326, -19.2968159], [44.6798134, -19.3174553], [44.6561012, -19.3021774], [44.6085129, -19.3155155], [44.5524445, -19.2939835], [44.5356865, -19.2641621], [44.5138969, -19.2609482], [44.4977417, -19.2319927], [44.4461555, -19.2001686], [44.3566093, -19.1890594], [44.3353286, -19.1704294], [44.3219778, -19.1737054], [44.3280436, -19.2151941], [44.3469129, -19.2192132], [44.3749813, -19.2533084], [44.3426347, -19.2276097], [44.3467406, -19.2863466], [44.3497672, -19.2754108], [44.389873, -19.3212654], [44.3723595, -19.3253269], [44.3986007, -19.3458904], [44.4087127, -19.325706], [44.4330232, -19.3566897], [44.403877, -19.312555], [44.4286399, -19.2906127], [44.4572734, -19.3266296], [44.4461209, -19.3752739], [44.4630788, -19.4178212], [44.4664205, -19.4337993], [44.4653294, -19.4353415], [44.4392098, -19.3726772], [44.4086294, -19.3488855], [44.4656628, -19.4577495], [44.4654605, -19.4366295], [44.4786331, -19.4351226], [44.4826176, -19.5054458], [44.469882, -19.4546713], [44.4587431, -19.4973919], [44.4596393, -19.5138778], [44.4689466, -19.4917559], [44.4894598, -19.5752616], [44.4542978, -19.6078673], [44.4475475, -19.6348892], [44.464614, -19.6524539], [44.432509, -19.698456], [44.4357286, -19.7231019], [44.4137241, -19.6672328], [44.3930831, -19.6936647], [44.3889131, -19.7942017], [44.4069074, -19.8378983], [44.4232482, -19.8532686], [44.4394064, -19.8406446], [44.4671109, -19.8829629], [44.4925601, -19.9698282], [44.5090742, -19.9589288], [44.5063091, -19.9721848], [44.5150345, -19.9693759], [44.5248321, -19.9722355], [44.5032749, -19.9842807], [44.5035397, -19.9867276], [44.5111594, -19.9893241], [44.5130613, -19.991004], [44.5122401, -19.9922893], [44.4975378, -19.9894154], [44.5073051, -20.0023196], [44.4947554, -20.0076927], [44.4936563, -20.0105224], [44.5083637, -20.0123666], [44.4933129, -20.0326696], [44.4840908, -20.0195086], [44.4902723, -20.0460528], [44.4673171, -20.0647852], [44.4597138, -20.056521], [44.4373566, -20.0590266], [44.4563787, -20.0753108], [44.4229516, -20.1225909], [44.4024823, -20.1279309], [44.40344, -20.1629582], [44.387918, -20.1569817], [44.3709331, -20.1761073], [44.365252, -20.1646273], [44.3761785, -20.1257795], [44.3733406, -20.1195886], [44.3577271, -20.2040019], [44.3286812, -20.2342814], [44.3055648, -20.2382231], [44.316827, -20.2308877], [44.3343034, -20.1954163], [44.3269298, -20.1974485], [44.2627025, -20.3005857], [44.2676629, -20.2959985], [44.277359, -20.3151079], [44.2590574, -20.3042442], [44.2459635, -20.3262935], [44.2433638, -20.3858707], [44.261102, -20.3690382], [44.2347692, -20.4118423], [44.2421531, -20.410072], [44.2454196, -20.4124038], [44.2141402, -20.4399479], [44.1846551, -20.4360787], [44.1940252, -20.420414], [44.1657706, -20.4424271], [44.1653805, -20.4640562], [44.1566807, -20.4560315], [44.1368867, -20.4778226], [44.1483095, -20.4876644], [44.1363754, -20.520309], [44.1312534, -20.5076655], [44.1230086, -20.5156069], [44.1320746, -20.5392546], [44.1036981, -20.5620281], [44.116858, -20.4918849], [44.1357259, -20.4899197], [44.1138875, -20.4856897], [44.0836289, -20.61068], [44.0398102, -20.7072616], [44.0688903, -20.6955763], [44.0638066, -20.7212986], [44.0378751, -20.7103408], [43.9961818, -20.7337471], [43.9932136, -20.7505825], [44.0041311, -20.7567881], [44.0348585, -20.7304593], [44.0246204, -20.7460027], [44.0391801, -20.7338075], [44.0463226, -20.7598272], [44.0080146, -20.7844987], [43.9700774, -20.7805014], [43.9655317, -20.8046782], [43.9393042, -20.8216813], [43.9358194, -20.804754], [43.9627502, -20.7709302], [43.9611639, -20.7626809], [43.9052742, -20.844472], [43.9109238, -20.8456257], [43.9074078, -20.8524677], [43.9087607, -20.8547937], [43.9248323, -20.8288893], [43.93636, -20.8253564], [43.9244084, -20.8500004], [43.9092267, -20.8661261], [43.9030663, -20.8467754], [43.8577006, -21.0498872], [43.875607, -21.0153348], [43.8849007, -21.0436309], [43.8734054, -21.0404654], [43.8613797, -21.071025], [43.8564345, -21.0539984], [43.8368879, -21.1461512], [43.795877, -21.233551], [43.7683055, -21.268536], [43.7251432, -21.2840085], [43.7541672, -21.2788191], [43.7515234, -21.2829189], [43.7494461, -21.3011831], [43.7669073, -21.2992523], [43.7502159, -21.3400655], [43.7251303, -21.3491457], [43.719775, -21.3328851], [43.6994239, -21.3347885], [43.6995373, -21.3219164], [43.6755466, -21.3315125], [43.6774266, -21.3209716], [43.6721043, -21.3170678], [43.6603083, -21.3349075], [43.6335343, -21.3283441], [43.6171647, -21.345202], [43.5871976, -21.3179206], [43.5834533, -21.3359106], [43.5645849, -21.3264823], [43.5479156, -21.3451326], [43.5864048, -21.3589266], [43.5807514, -21.413336], [43.7065067, -21.5470926], [43.7472057, -21.6104772], [43.7660427, -21.7000966], [43.8591366, -21.8086734], [43.8777905, -21.8563779], [43.9942875, -21.9062188], [44.0380154, -21.8975604], [44.0799427, -21.8432404], [44.1635952, -21.798548], [44.220171, -21.8081469], [44.2317715, -21.8591305], [44.262804, -21.8510577], [44.2835598, -21.8166966], [44.3205204, -21.8508898], [44.5844326, -21.7819636], [44.6063175, -21.7490142], [44.7050953, -21.740001], [44.6943378, -21.7070058], [44.7133923, -21.6220656], [44.6805325, -21.5458336], [44.708559, -21.2986037], [44.6967106, -21.205322], [44.9248257, -21.2548595], [44.9512501, -21.2945253], [44.9839802, -21.3055739], [45.0790081, -21.3053546], [45.0997143, -21.2984358], [45.1319599, -21.2382865], [45.218317, -21.1520819], [45.2989712, -21.1171373], [45.360323, -21.122984], [45.4014797, -21.0752148], [45.4946384, -21.0400279], [45.5345097, -20.9663866], [45.6981487, -20.9010698], [45.7617455, -20.8924446], [45.7532692, -20.8527737], [45.7790833, -20.7577248], [45.8178406, -20.7118511], [45.8279648, -20.6183872], [45.7904091, -20.5196457], [45.8261909, -20.3368587], [45.7618294, -20.1503601], [45.7765121, -19.9986801], [45.7584267, -19.9790096], [45.7544174, -19.925024]]]}}, {"type": "Feature", "properties": {"name": "Vakinankaratra"}, "geometry": {"type": "Polygon", "coordinates": [[[47.6696243, -20.0695343], [47.6742821, -20.0121994], [47.6537094, -19.9359188], [47.7226372, -19.8292828], [47.7597847, -19.8274555], [47.832325, -19.7486], [47.835392, -19.6553307], [47.8192101, -19.6352997], [47.8556366, -19.5172386], [47.8221951, -19.5015232], [47.7938366, -19.4637337], [47.5814037, -19.3919215], [47.551157, -19.2017398], [47.5732594, -19.1523271], [47.55443, -19.1371811], [47.4841709, -19.1595825], [47.4932537, -19.241986], [47.4426098, -19.3005709], [47.2775059, -19.3135501], [47.2712803, -19.3469967], [47.2155972, -19.3089459], [47.1442661, -19.3154994], [47.1270199, -19.2853582], [47.0906391, -19.269827], [47.0836124, -19.2053484], [46.9320126, -19.2491994], [46.8810787, -19.239331], [46.8269978, -19.2621481], [46.8080387, -19.3008322], [46.7484188, -19.3333633], [46.7065105, -19.3378188], [46.6226025, -19.4238804], [46.5267506, -19.4022496], [46.4920559, -19.4144316], [46.4554653, -19.3890072], [46.3795681, -19.4322382], [46.2328014, -19.4402966], [46.1664095, -19.4120133], [46.1274652, -19.4589684], [46.0093088, -19.4217141], [45.9857874, -19.4367516], [45.9539385, -19.4316361], [45.9160357, -19.4571717], [45.892808, -19.4397709], [45.8047104, -19.4674091], [45.8186046, -19.6771754], [45.8533821, -19.7453518], [45.7722816, -19.8790894], [45.8097839, -19.9039726], [45.8829651, -19.8979683], [46.0011991, -19.9286823], [46.0211551, -19.9538442], [46.0549878, -19.9497483], [46.0840101, -20.0221989], [46.1425443, -20.0488114], [46.1448933, -20.0851224], [46.2254853, -20.0059246], [46.286999, -20.0701988], [46.2844666, -20.0901312], [46.2577528, -20.0931472], [46.2748451, -20.101499], [46.2909628, -20.1472147], [46.2533842, -20.1492351], [46.2522787, -20.1810828], [46.3014658, -20.2270855], [46.368694, -20.2490017], [46.4403547, -20.2131606], [46.4551308, -20.2399825], [46.5056344, -20.2442328], [46.516749, -20.2657419], [46.5754771, -20.2634922], [46.6081638, -20.2300555], [46.6965122, -20.2778241], [46.7440923, -20.2642173], [46.7285804, -20.2378629], [46.7381157, -20.222621], [46.754847, -20.26154], [46.7919366, -20.2831401], [46.80321, -20.267562], [46.8192977, -20.2772282], [46.8372824, -20.2489805], [46.8634095, -20.2688765], [46.868979, -20.2309856], [46.8926998, -20.2314265], [46.9114189, -20.1902468], [46.9695428, -20.1566568], [46.9875394, -20.1915539], [47.0094395, -20.1814144], [47.0220458, -20.1978983], [47.0542747, -20.1622598], [47.0689641, -20.1705398], [47.1359787, -20.1389408], [47.1762123, -20.173111], [47.1839027, -20.1240444], [47.2123146, -20.0833054], [47.2629318, -20.1097107], [47.2971153, -20.0764179], [47.339817, -20.0697994], [47.4459648, -20.086071], [47.4706573, -20.068821], [47.497818, -20.0839939], [47.5737686, -20.0855904], [47.6696243, -20.0695343]]]}}, {"type": "Feature", "properties": {"name": "Atsinanana"}, "geometry": {"type": "Polygon", "coordinates": [[[48.8445053, -17.7363966], [48.8659134, -17.7976511], [48.8330841, -17.8544462], [48.6758194, -17.8541124], [48.6455193, -17.8623922], [48.6420288, -17.8770444], [48.7337646, -17.9815099], [48.7481728, -18.0453335], [48.794239, -18.0790497], [48.796051, -18.1449944], [48.6888084, -18.2164837], [48.5469437, -18.227943], [48.5221405, -18.2568107], [48.5078583, -18.3237434], [48.4828644, -18.3290878], [48.4787636, -18.3460403], [48.4841385, -18.4222979], [48.5231133, -18.5097861], [48.4874115, -18.6256517], [48.5378227, -18.6585573], [48.520874, -18.6965498], [48.5613022, -18.7249349], [48.5601768, -18.77572], [48.6106987, -18.8143457], [48.6374741, -18.9070828], [48.608345, -18.93658], [48.648838, -19.0366738], [48.6586037, -19.120824], [48.6373901, -19.155553], [48.5485153, -19.1507942], [48.5727997, -19.1936485], [48.5546799, -19.2431384], [48.5539703, -19.3280993], [48.5114861, -19.3100291], [48.440506, -19.3593131], [48.3766479, -19.3442489], [48.3988342, -19.5300417], [48.3885918, -19.5435953], [48.3311615, -19.5465479], [48.3023186, -19.7028283], [48.3193855, -19.756957], [48.2926903, -19.7974976], [48.2382317, -19.7772416], [48.2087784, -19.7914685], [48.142086, -19.7878083], [48.0424652, -19.7024946], [48.0277939, -19.757657], [47.930069, -19.753478], [47.9107323, -19.7934407], [47.8787155, -19.7786378], [47.8685379, -19.7387876], [47.8350487, -19.7196484], [47.832325, -19.7486], [47.7597847, -19.8274555], [47.7329712, -19.8203583], [47.7050209, -19.8502769], [47.6537094, -19.9359188], [47.6742821, -20.0121994], [47.6696243, -20.0695343], [47.6942329, -20.074707], [47.7108345, -20.1334896], [47.6591873, -20.2515602], [47.650238, -20.3646412], [47.6677437, -20.4093666], [47.7429924, -20.431839], [47.7779465, -20.47019], [47.8387108, -20.4421577], [47.9169922, -20.4456043], [47.9752998, -20.423275], [48.0732155, -20.4437866], [48.1015358, -20.2921352], [48.1450181, -20.2538283], [48.2252769, -20.2989426], [48.3835335, -20.3040085], [48.3946228, -20.317709], [48.3820343, -20.3542366], [48.4029312, -20.3721771], [48.6000917, -20.410689], [48.8234138, -19.9120041], [48.813219, -19.8499992], [48.85926, -19.641281], [48.9868159, -19.3281743], [49.0064312, -19.2040378], [49.2291984, -18.6385857], [49.3371646, -18.4101302], [49.3775325, -18.2075479], [49.4298748, -18.1606929], [49.4064066, -18.1184742], [49.4048164, -18.0773754], [49.5193506, -17.6740802], [49.4915971, -17.6517213], [49.47793944641721, -17.563856181994524], [49.4460144, -17.5919016], [49.4235039, -17.5921896], [49.3768272, -17.5575141], [49.3448143, -17.4942683], [49.2996902, -17.4842109], [49.2842331, -17.4958628], [49.257164, -17.6145857], [49.2859077, -17.632593], [49.2839088, -17.6653021], [49.2052574, -17.668516], [49.1990585, -17.7032793], [49.137825, -17.7343595], [49.0601768, -17.6947744], [48.9150581, -17.7518766], [48.8856621, -17.7263563], [48.8445053, -17.7363966]]]}}, {"type": "Feature", "properties": {"name": "Alaotra-Mangoro"}, "geometry": {"type": "Polygon", "coordinates": [[[48.9033241, -16.6784534], [48.7923508, -16.6891327], [48.7539978, -16.6722908], [48.6367455, -16.6761551], [48.6522217, -16.5981178], [48.6280098, -16.5544968], [48.6389084, -16.5011387], [48.6171227, -16.4981651], [48.5505257, -16.4024696], [48.5062904, -16.3830452], [48.4615402, -16.3303986], [48.3825493, -16.3177757], [48.377636, -16.2946167], [48.3146935, -16.2738361], [48.2745819, -16.2348614], [48.0854378, -16.2630978], [47.9758377, -16.2469978], [47.9325905, -16.2214108], [47.9018097, -16.2702026], [47.9007492, -16.3080006], [47.9319382, -16.3708687], [47.8938446, -16.4686642], [47.8955939, -16.5572393], [47.946832, -16.6490371], [47.9305907, -16.732023], [48.0082359, -16.8207779], [48.0104406, -16.8539686], [48.0681197, -16.9065509], [48.0653513, -16.9253782], [48.0421371, -16.9243336], [48.0463905, -16.9400711], [48.0714967, -16.9435608], [48.0663278, -16.9676257], [48.0846252, -16.999485], [48.0608254, -16.9970178], [48.0737123, -17.0144252], [48.1419574, -17.0711381], [48.1843083, -17.0622747], [48.1729929, -17.1019367], [48.19702, -17.181735], [48.1740499, -17.231728], [48.1489736, -17.2314365], [48.1490802, -17.3216429], [48.1334331, -17.3386843], [48.1057917, -17.3328959], [48.1026004, -17.4119544], [48.0790339, -17.4144691], [48.0710694, -17.4438233], [48.1288326, -17.4546569], [48.1115666, -17.5018716], [48.0773453, -17.5209539], [48.0737957, -17.5643641], [48.0495158, -17.5620575], [48.0409144, -17.5962333], [48.0553274, -17.6412261], [48.0436331, -17.6723282], [47.9991034, -17.6803744], [48.0025118, -17.7286201], [47.9786224, -17.7294178], [47.9392758, -17.8374634], [47.8986015, -17.8745327], [47.8932724, -17.899786], [47.9449539, -17.9666824], [47.9819832, -18.048542], [47.9998207, -18.2153721], [48.0220451, -18.2680435], [48.0134735, -18.3096695], [48.0454903, -18.3904076], [48.0380859, -18.4228535], [47.9904518, -18.4342518], [47.9996872, -18.4783859], [47.9864311, -18.5616264], [47.9191437, -18.7497978], [47.9372749, -18.9112434], [47.9261742, -18.9391155], [47.9600182, -19.0006619], [47.88834, -19.122591], [47.8975601, -19.1595707], [47.8856087, -19.211834], [47.9294739, -19.2633133], [47.9181366, -19.3173008], [47.9297829, -19.3491039], [47.8852768, -19.4752388], [47.8441162, -19.5267487], [47.8503189, -19.5663261], [47.8192101, -19.6352997], [47.835392, -19.6553307], [47.8350487, -19.7196484], [47.8685379, -19.7387876], [47.8735161, -19.7714814], [47.9000626, -19.7900361], [47.9107323, -19.7934407], [47.930069, -19.753478], [48.0277939, -19.757657], [48.0424652, -19.7024946], [48.142086, -19.7878083], [48.2087784, -19.7914685], [48.2382317, -19.7772416], [48.2926903, -19.7974976], [48.3193855, -19.756957], [48.3023186, -19.7028283], [48.3311615, -19.5465479], [48.3885918, -19.5435953], [48.3988342, -19.5300417], [48.3766479, -19.3442489], [48.440506, -19.3593131], [48.5114861, -19.3100291], [48.5539703, -19.3280993], [48.5546799, -19.2431384], [48.5727997, -19.1936485], [48.5485153, -19.1507942], [48.6373901, -19.155553], [48.6586037, -19.120824], [48.648838, -19.0366738], [48.608345, -18.93658], [48.6374741, -18.9070828], [48.6106987, -18.8143457], [48.5601768, -18.77572], [48.5613022, -18.7249349], [48.520874, -18.6965498], [48.5378227, -18.6585573], [48.4874115, -18.6256517], [48.5231133, -18.5097861], [48.4841385, -18.4222979], [48.4787636, -18.3460403], [48.4828644, -18.3290878], [48.5078583, -18.3237434], [48.5221405, -18.2568107], [48.5469437, -18.227943], [48.6888084, -18.2164837], [48.796051, -18.1449944], [48.794239, -18.0790497], [48.7481728, -18.0453335], [48.7337646, -17.9815099], [48.6420288, -17.8770444], [48.6455193, -17.8623922], [48.6758194, -17.8541124], [48.8180962, -17.8597467], [48.8636208, -17.8094289], [48.8423119, -17.74913], [48.8436356, -17.6983698], [48.819973, -17.6736467], [48.8253632, -17.6397665], [48.6955795, -17.6320284], [48.6894569, -17.6180323], [48.7189827, -17.5951327], [48.7178192, -17.5647543], [48.7517319, -17.53063], [48.755043, -17.4979228], [48.8143997, -17.4606952], [48.8010445, -17.410654], [48.8322067, -17.4083594], [48.8295937, -17.3536376], [48.7829056, -17.3517837], [48.7866898, -17.2494144], [48.8142662, -17.1866856], [48.7872581, -17.047947], [48.8128395, -16.9671975], [48.8800774, -16.9012376], [48.8756638, -16.8775007], [48.8321762, -16.8607217], [48.9033241, -16.6784534]]]}}, {"type": "Feature", "properties": {"name": "Sofia"}, "geometry": {"type": "Polygon", "coordinates": [[[48.0249665, -14.0628219], [48.0496443, -14.1002828], [48.0382746, -14.1279839], [48.0508915, -14.1365904], [48.0344978, -14.1397344], [48.0448507, -14.1753819], [48.0694666, -14.168992], [48.0455019, -14.1862003], [48.0378843, -14.2241997], [48.0308151, -14.2199937], [48.0172326, -14.2296051], [48.0415123, -14.2292632], [48.0652403, -14.2103807], [48.0550224, -14.2251838], [48.0406857, -14.231956], [48.0216906, -14.2317198], [48.0374292, -14.2388649], [48.0322313, -14.2529566], [48.0304451, -14.2483015], [48.0198204, -14.253574], [48.0198068, -14.2546033], [48.0470344, -14.2611195], [48.0357722, -14.3049926], [48.0152181, -14.302419], [48.0314245, -14.3144617], [48.0173519, -14.3207199], [48.0258815, -14.3344681], [47.9910389, -14.3108339], [48.0018462, -14.3354524], [48.0110334, -14.3293912], [47.9952582, -14.3403793], [48.0099743, -14.3594913], [47.9968199, -14.3485955], [48.0020497, -14.3696862], [47.9839027, -14.3799016], [48.0118643, -14.4158814], [47.9850133, -14.4137326], [47.9890303, -14.3981109], [47.9737277, -14.3990761], [47.9828042, -14.3866074], [47.965891, -14.3855333], [47.9805111, -14.3331011], [47.9558432, -14.3241438], [47.9488436, -14.3036398], [47.9668439, -14.2974959], [47.9556154, -14.2865682], [47.9692161, -14.2771329], [47.9537836, -14.2675442], [47.9695988, -14.2660605], [47.9826842, -14.1873951], [48.0031669, -14.1655985], [47.9984022, -14.1344544], [47.9672028, -14.1227259], [47.967647, -14.1569529], [47.9433533, -14.1549357], [47.9494605, -14.1376156], [47.9276508, -14.1131724], [47.9604383, -14.1197207], [47.9082184, -14.0885685], [47.8877474, -14.0964086], [47.9151636, -14.0955636], [47.9001177, -14.1153077], [47.922133, -14.1250797], [47.9344225, -14.1578765], [47.9614376, -14.1662957], [47.930434, -14.26809], [47.9013068, -14.2434324], [47.8771942, -14.2633336], [47.8359958, -14.2612535], [47.8216352, -14.2313064], [47.7958794, -14.2184809], [47.7635221, -14.2484614], [47.7694601, -14.2808282], [47.7537776, -14.315248], [47.7161063, -14.3439996], [47.6898485, -14.4444425], [47.7432223, -14.5313519], [47.7315299, -14.5260824], [47.714881, -14.5692668], [47.7384382, -14.6146846], [47.7790246, -14.5942547], [47.7972932, -14.5442262], [47.8235562, -14.6040163], [47.8493702, -14.5937512], [47.8636847, -14.6103476], [47.8798812, -14.5752711], [47.9160785, -14.5645263], [47.9191107, -14.533859], [47.907836, -14.5303957], [47.9552535, -14.5196352], [47.9447349, -14.5034239], [47.9489732, -14.4843241], [47.9589832, -14.502086], [47.9748466, -14.4832257], [47.9688305, -14.5273141], [47.996276, -14.5249057], [48.0007511, -14.5354201], [47.9510719, -14.5429816], [47.9481654, -14.5926935], [47.9728146, -14.6076943], [48.0031043, -14.5763728], [48.0028779, -14.5930991], [48.0101618, -14.5821254], [48.0162563, -14.5906969], [48.0, -14.5987136], [47.9981329, -14.6036385], [48.011045, -14.5950056], [48.0208437, -14.6131475], [48.0063918, -14.6263457], [48.0085685, -14.6607328], [48.0120019, -14.648125], [48.022103, -14.6569176], [48.0134551, -14.6804852], [48.042055, -14.6673387], [48.051034, -14.6680968], [48.0557371, -14.6722746], [48.0572817, -14.6753827], [48.0564046, -14.6844631], [48.0510236, -14.6688688], [48.0396414, -14.6698817], [48.0351043, -14.6730414], [48.0508461, -14.6722124], [48.0299214, -14.694595], [48.040828, -14.7191856], [48.0129036, -14.711363], [48.0245704, -14.7285002], [48.008712, -14.756864], [48.0151455, -14.7602933], [48.017928, -14.7695947], [48.0056445, -14.7684061], [48.0207492, -14.7760655], [47.9987432, -14.822397], [47.9755852, -14.8314485], [47.9720138, -14.8024111], [47.9420345, -14.8156651], [47.9617963, -14.8486135], [48.0085853, -14.8528622], [47.9680675, -14.8621733], [47.9866757, -14.8683663], [47.9856222, -14.8879403], [47.9706247, -14.8943122], [47.9760942, -14.8782841], [47.97084, -14.8714029], [47.9621044, -14.8905619], [47.9522613, -14.8868284], [47.961809, -14.8689461], [47.9402017, -14.8562259], [47.9063273, -14.9152135], [47.9083717, -14.968724], [47.8751279, -14.9377437], [47.8703791, -14.8791174], [47.8951636, -14.8522945], [47.8805401, -14.8470732], [47.8918346, -14.8407538], [47.8844628, -14.8236011], [47.9260874, -14.8495859], [47.9348846, -14.8348029], [47.9303643, -14.8134977], [47.89691, -14.8244742], [47.8968049, -14.7966773], [47.9439768, -14.8027714], [47.9436746, -14.780383], [47.9260235, -14.7857553], [47.9397642, -14.7649899], [47.9772733, -14.7807238], [47.9707148, -14.7458051], [47.9836298, -14.7425501], [47.9921909, -14.6721765], [47.970331, -14.6490358], [47.9758193, -14.6247721], [47.9482329, -14.6274395], [47.9259186, -14.7383976], [47.8982369, -14.7251045], [47.9005851, -14.7127203], [47.9112205, -14.7070523], [47.9140829, -14.703542], [47.9127574, -14.7033014], [47.89406, -14.7091982], [47.8881923, -14.7254874], [47.878215, -14.731017], [47.8927516, -14.6901674], [47.8649777, -14.6894827], [47.8683738, -14.6660174], [47.8549181, -14.6682425], [47.79498, -14.5703819], [47.7817948, -14.614815], [47.7563818, -14.6153793], [47.73273632738128, -14.647051861082758], [47.7190169, -14.711834], [47.6923604, -14.6948976], [47.6757029, -14.7433906], [47.6329832, -14.793665], [47.6413387, -14.8172537], [47.586804, -14.8933058], [47.5842429, -14.9448242], [47.5641609, -14.9483974], [47.5779466, -14.9608572], [47.5726325, -14.9925833], [47.5524013, -15.0285969], [47.5289946, -15.0430187], [47.5156353, -15.0333837], [47.5011322, -15.0618645], [47.4996766, -15.0733372], [47.5269842, -15.0747082], [47.5182708, -15.0997785], [47.5016081, -15.1025379], [47.5101162, -15.0823619], [47.4939364, -15.0809958], [47.4653332, -15.1281676], [47.4556772, -15.1182317], [47.4208002, -15.1510494], [47.3904221, -15.0895789], [47.4133809, -15.0339783], [47.3985701, -14.988819], [47.516242, -14.8199434], [47.4885923, -14.8205015], [47.4989117, -14.7972178], [47.4783301, -14.7832789], [47.4859104, -14.7517862], [47.4730232, -14.7586187], [47.4696598, -14.741919], [47.4709331, -14.7375284], [47.4869816, -14.7296323], [47.4770289, -14.7384932], [47.4806165, -14.7515856], [47.5019298, -14.7181428], [47.4742791, -14.7058238], [47.461441, -14.6715753], [47.4165989, -14.7062128], [47.4364356, -14.7138914], [47.4247779, -14.7348387], [47.421502, -14.717453], [47.4028611, -14.7221933], [47.4126725, -14.7084041], [47.2790534, -14.8611642], [47.3014139, -14.890073], [47.3308202, -14.8717201], [47.3360759, -14.8926526], [47.338149, -14.8639208], [47.3562505, -14.8486731], [47.3752556, -14.867917], [47.3899262, -14.8538605], [47.3913686, -14.8646598], [47.418588, -14.8603841], [47.3809375, -14.8790592], [47.3959666, -14.8974411], [47.3733257, -14.9092636], [47.3793233, -14.9249079], [47.3448907, -14.9242336], [47.3394197, -14.9080678], [47.3404021, -14.9498992], [47.3198633, -14.9363335], [47.3278892, -14.9192574], [47.2859438, -14.9343579], [47.2535594, -14.9779398], [47.2649242, -14.9755096], [47.2850236, -14.9974539], [47.254908, -14.9802441], [47.2396555, -14.9909521], [47.2544228, -14.9844971], [47.2805696, -15.0021335], [47.2707896, -15.0292686], [47.2621302, -15.0121025], [47.2337235, -15.0064606], [47.2340422, -14.9861146], [47.2137523, -14.996613], [47.2281645, -14.9941549], [47.238072, -15.0169755], [47.2169815, -15.0014743], [47.1950547, -15.0593689], [47.2060683, -15.0480599], [47.205969, -15.0641555], [47.2262822, -15.0680771], [47.2119369, -15.0774878], [47.189262, -15.06303], [47.1589424, -15.1047803], [47.1406754, -15.1070141], [47.1645437, -15.0820658], [47.1031183, -15.1077631], [47.0478224, -15.1817846], [47.0407772, -15.2212505], [47.0675313, -15.2449556], [47.0692669, -15.273267], [47.10767, -15.2535952], [47.1098484, -15.2857643], [47.0938731, -15.2799915], [47.0876545, -15.2949856], [47.1034721, -15.2981852], [47.0878153, -15.3112078], [47.1777326, -15.2827964], [47.1774416, -15.305975], [47.159039, -15.2966255], [47.1650868, -15.3429186], [47.1541488, -15.3113509], [47.1421496, -15.3575608], [47.1814258, -15.4190036], [47.2432499, -15.4063909], [47.2555803, -15.4129166], [47.2364404, -15.4149569], [47.2338097, -15.4171726], [47.2500333, -15.4200987], [47.2457012, -15.4368796], [47.263023, -15.4430117], [47.2865895, -15.437492], [47.2945949, -15.4412716], [47.2487195, -15.4459896], [47.2385508, -15.4384969], [47.2371074, -15.4524162], [47.2216171, -15.4438172], [47.2293552, -15.4560108], [47.2027003, -15.462546], [47.2718471, -15.4731771], [47.2564991, -15.5024305], [47.180908, -15.4859368], [47.1581551, -15.4662472], [47.1143703, -15.5810005], [47.1255817, -15.6150505], [47.1065578, -15.6459305], [47.1234455, -15.6562436], [47.124567, -15.6982987], [47.156229, -15.7526782], [47.127985, -15.79186], [47.1439533, -15.8319277], [47.1771717, -15.8565563], [47.2252293, -15.9937024], [47.1793804, -15.9967847], [47.1897373, -16.0354276], [47.2093258, -16.0660596], [47.2310238, -16.0700708], [47.234251, -16.1218801], [47.2776585, -16.1401983], [47.2910023, -16.2277953], [47.3341503, -16.2200515], [47.3564663, -16.2383601], [47.3525944, -16.2947643], [47.4097652, -16.3385265], [47.4088917, -16.4015205], [47.4214077, -16.4098118], [47.4818821, -16.4085949], [47.5477543, -16.4348362], [47.6388912, -16.408881], [47.655901, -16.4251621], [47.6524372, -16.486739], [47.7022266, -16.4920548], [47.7492695, -16.4701584], [47.8093739, -16.5395612], [47.8967415, -16.5498598], [47.8938446, -16.4686642], [47.9319382, -16.3708687], [47.8997879, -16.2882481], [47.9325905, -16.2214108], [47.9758377, -16.2469978], [48.0854378, -16.2630978], [48.2745819, -16.2348614], [48.3146935, -16.2738361], [48.377636, -16.2946167], [48.3825493, -16.3177757], [48.4615402, -16.3303986], [48.5062904, -16.3830452], [48.5505257, -16.4024696], [48.6171227, -16.4981651], [48.6389084, -16.5011387], [48.6280098, -16.5544968], [48.6522217, -16.5981178], [48.6367455, -16.6761551], [48.7539978, -16.6722908], [48.7923508, -16.6891327], [48.9304352, -16.6786556], [48.9545174, -16.6105289], [48.9356422, -16.5723381], [48.9442177, -16.535305], [49.0235519, -16.4806499], [49.1012459, -16.4712276], [49.1435204, -16.4404049], [49.1671867, -16.398901], [49.1448212, -16.3708038], [49.1500626, -16.333807], [49.1820793, -16.2693043], [49.2291451, -16.2218056], [49.2254105, -16.1322422], [49.1863403, -16.0971966], [49.2093811, -15.9821482], [49.0850677, -15.8627701], [49.0549164, -15.7366161], [49.0501785, -15.681447], [49.0759468, -15.6236658], [49.0719185, -15.5250177], [49.1088028, -15.4576836], [48.9949875, -15.4483194], [48.985405, -15.3803511], [48.9974785, -15.3453369], [49.1424179, -15.3126011], [49.1881523, -15.2757645], [49.2181625, -15.2871408], [49.2824554, -15.270649], [49.2980232, -15.2372923], [49.3541412, -15.2314539], [49.3494797, -15.0716982], [49.3741417, -15.0593805], [49.4235229, -15.0859079], [49.4310684, -15.0752335], [49.4317322, -14.9448853], [49.4457893, -14.8976622], [49.4224625, -14.8672714], [49.4477234, -14.8360825], [49.4461212, -14.7812405], [49.4153023, -14.6553621], [49.357132, -14.575263], [49.3582573, -14.5241241], [49.3836594, -14.5072384], [49.328434, -14.4453897], [49.2467384, -14.4052629], [49.2265549, -14.3646698], [49.1589813, -14.3451824], [49.0798607, -14.2624168], [49.0609204, -14.1906164], [48.9861482, -14.1557676], [48.9793559, -14.164763], [48.9727017, -14.1459734], [48.8088837, -14.2653509], [48.7831991, -14.2518241], [48.757536, -14.2081088], [48.7252892, -14.2069337], [48.6800662, -14.2408916], [48.55425, -14.22762], [48.5159601, -14.2162268], [48.4617814, -14.1679643], [48.3775464, -14.1670392], [48.3654308, -14.1128814], [48.3382518, -14.1215527], [48.3124731, -14.0848589], [48.3253367, -13.9706408], [48.3135142, -13.9188056], [48.2479636, -13.8739056], [48.16253, -13.9105769], [48.0992485, -13.9684042], [48.0731001, -13.9655338], [48.0860457, -13.9989582], [48.0255505, -14.028717], [48.0249665, -14.0628219]]]}}, {"type": "Feature", "properties": {"name": "Anosy"}, "geometry": {"type": "Polygon", "coordinates": [[[45.3442807, -23.1169551], [45.354695, -23.1671451], [45.3287908, -23.1973256], [45.3010243, -23.3052995], [45.2722235, -23.3667446], [45.2054468, -23.4102909], [45.2037549, -23.4493353], [45.2378604, -23.4678463], [45.2879858, -23.4585114], [45.3061903, -23.4758691], [45.3283174, -23.4421124], [45.3616568, -23.4287056], [45.3965057, -23.4719266], [45.4418288, -23.4851392], [45.4206088, -23.5162871], [45.459744, -23.5762133], [45.4226888, -23.6137766], [45.4213772, -23.6600398], [45.3882571, -23.7083884], [45.4226888, -23.8089321], [45.4761401, -23.887512], [45.4531855, -23.9075992], [45.4574485, -23.9831232], [45.5069647, -24.0118826], [45.5479549, -23.9828236], [45.5923882, -23.9858711], [45.6388454, -23.9497362], [45.6857382, -23.9398461], [45.6840986, -23.9934832], [45.7037739, -23.9838961], [45.7437803, -24.0027701], [45.7595205, -24.0521888], [45.7530184, -24.121051], [45.7766697, -24.1147019], [45.7905822, -24.1455976], [45.8184073, -24.154484], [45.7961472, -24.2192092], [45.8513336, -24.2314736], [45.8810137, -24.3316596], [45.9602189, -24.342419], [45.9745582, -24.3764286], [45.9595744, -24.3992732], [45.9771181, -24.4071531], [46.00713, -24.4756927], [45.9818871, -24.4883316], [45.9314102, -24.4549676], [45.9074949, -24.4613021], [45.9724225, -24.5954835], [45.9315176, -24.6400291], [45.9418789, -24.6566273], [45.9751744, -24.6572116], [45.9944474, -24.6888559], [45.9734825, -24.7403296], [45.9353644, -24.7620979], [45.9860175, -24.8170012], [45.9925415, -24.8531242], [46.0588335, -24.902386], [46.0768663, -24.951312], [46.1526174, -24.9765621], [46.1751054, -25.0315341], [46.2034467, -25.0290566], [46.2726099, -25.0742005], [46.2801086, -25.1084151], [46.2558231, -25.1406307], [46.269644, -25.1778104], [46.2488509, -25.192146], [46.2597709, -25.2075254], [46.4917178, -25.1649712], [46.6190512, -25.1826278], [46.6357199, -25.1998288], [46.7174656, -25.180217], [46.7452355, -25.1630637], [46.7437403, -25.1479848], [46.7701865, -25.1579001], [46.8601807, -25.0882809], [46.928221, -25.0680126], [46.960183, -25.0762729], [46.9617553, -25.0489683], [46.9814383, -25.0348998], [46.9970257, -25.0430347], [46.9934784, -25.0100027], [47.0265062, -24.9818781], [47.0844628, -24.9721005], [47.0938881, -24.9774418], [47.0915659, -24.988944], [47.0993137, -24.994024], [47.1045385, -24.9463095], [47.1389507, -24.9212703], [47.1208278, -24.8936114], [47.1305969, -24.8521439], [47.1650867, -24.8033982], [47.1992317, -24.7846485], [47.1943741, -24.7155345], [47.2829593, -24.537882], [47.3212282, -24.3750948], [47.4142515, -24.1470588], [47.3877107, -24.0917238], [47.337857, -24.0856788], [47.3206471, -24.0536757], [47.2894246, -24.0582269], [47.2748373, -24.0231354], [47.2441002, -24.0254314], [47.2201951, -23.9913732], [47.1266906, -23.9677297], [47.1152447, -23.9759847], [47.121418, -24.0053083], [47.1383286, -24.0225279], [47.1161098, -24.0394019], [47.1293937, -24.0651994], [47.0745447, -24.0880012], [47.0542699, -24.0789261], [47.0146429, -24.127111], [47.0450604, -24.1604227], [47.0365436, -24.2209416], [47.0096529, -24.2308012], [46.9827439, -24.2722817], [46.8806343, -24.2992764], [46.8678436, -24.2789288], [46.866951, -24.1704483], [46.8492241, -24.1317635], [46.7290878, -24.0965271], [46.6443062, -23.9473839], [46.5380974, -23.9177837], [46.497345, -23.8789597], [46.4056282, -23.8438988], [46.3861351, -23.8123035], [46.3898201, -23.7742348], [46.4537621, -23.6914787], [46.4864311, -23.6059837], [46.4215927, -23.4919682], [46.3902626, -23.4651775], [46.4453049, -23.3889427], [46.4454727, -23.2075768], [46.4186172, -23.1707706], [46.3195114, -23.099493], [46.1517715, -22.7955723], [45.9737167, -22.67626], [45.8735886, -22.6680527], [45.7624855, -22.7009773], [45.7377396, -22.7228413], [45.583313, -22.7647324], [45.3879585, -22.8668346], [45.3384857, -23.0119171], [45.3685684, -23.0991111], [45.3615335, -23.1197906], [45.3442807, -23.1169551]]]}}, {"type": "Feature", "properties": {"name": "Boeny"}, "geometry": {"type": "Polygon", "coordinates": [[[45.5178127, -16.9601509], [45.5580235, -16.9668763], [45.6763554, -16.9453785], [45.7119465, -16.9181587], [45.735487, -16.9513619], [45.886282, -17.0024979], [46.0252323, -16.980922], [46.0265446, -17.0024197], [45.9957752, -17.0328553], [46.0850925, -17.0839246], [46.1385479, -17.2120947], [46.2194309, -17.2080168], [46.2171307, -17.2360892], [46.2802677, -17.2770495], [46.2981129, -17.2187952], [46.2844486, -17.2026686], [46.307333, -17.183597], [46.3002987, -17.1614908], [46.3375072, -17.1479391], [46.3504581, -17.0895513], [46.3874683, -17.0562165], [46.4214191, -17.0816015], [46.4516811, -17.0745824], [46.4605961, -16.9809277], [46.4936008, -16.9604504], [46.5761089, -16.9622299], [46.5907459, -16.9044124], [46.6479969, -16.8673812], [46.6309643, -16.8031493], [46.6762486, -16.7614852], [46.632513, -16.6633673], [46.6817112, -16.6033926], [46.7485676, -16.5938653], [46.7759571, -16.6071195], [46.8055553, -16.58887], [46.835043, -16.6012601], [46.8525448, -16.6308031], [46.9080105, -16.64009], [47.0323162, -16.5509366], [47.1085796, -16.5974149], [47.143198, -16.5845518], [47.1676426, -16.5928716], [47.2642269, -16.6799631], [47.3134022, -16.6733942], [47.3230381, -16.6129255], [47.2464085, -16.5665426], [47.2159901, -16.5662545], [47.2058773, -16.5390424], [47.1796513, -16.5270051], [47.1649036, -16.4839925], [47.1901722, -16.4499768], [47.2208729, -16.4431122], [47.306139, -16.3277118], [47.354414, -16.2985351], [47.3645039, -16.2520968], [47.3341503, -16.2200515], [47.2910023, -16.2277953], [47.2776585, -16.1401983], [47.234251, -16.1218801], [47.2310238, -16.0700708], [47.2093258, -16.0660596], [47.1826344, -16.0108094], [47.1909771, -15.9910655], [47.2252293, -15.9937024], [47.2213001, -15.9718976], [47.1771717, -15.8565563], [47.1439533, -15.8319277], [47.127985, -15.79186], [47.1520596, -15.7644075], [47.1541767, -15.735225], [47.124567, -15.6982987], [47.1234455, -15.6562436], [47.1065578, -15.6459305], [47.1255817, -15.6150505], [47.1143703, -15.5810005], [47.1581551, -15.4662472], [47.0980355, -15.4497752], [47.0764523, -15.4696553], [46.9899511, -15.4909476], [46.9354018, -15.4719966], [46.9572498, -15.4231304], [47.0251888, -15.3930339], [47.0717849, -15.3404571], [47.0433655, -15.3515353], [47.0472752, -15.3169911], [46.9556786, -15.283044], [46.9632369, -15.2684266], [46.9682316, -15.2777834], [46.9578317, -15.2003552], [46.871633, -15.230063], [46.631104, -15.4110843], [46.6819227, -15.3911303], [46.6866443, -15.4169798], [46.7057373, -15.3814189], [46.6886641, -15.4369263], [46.6979032, -15.4301591], [46.7177752, -15.4571788], [46.7426389, -15.4452661], [46.7491413, -15.4606685], [46.7107068, -15.4695966], [46.6977855, -15.4483181], [46.6733039, -15.4751631], [46.6601478, -15.4407477], [46.6455311, -15.4393111], [46.6695935, -15.4097681], [46.6203352, -15.426231], [46.4826952, -15.5259789], [46.4873576, -15.546297], [46.4949681, -15.5331086], [46.5117431, -15.5564346], [46.4961429, -15.5853907], [46.4740235, -15.5767821], [46.4853687, -15.565372], [46.464671, -15.5508279], [46.4795485, -15.5504711], [46.4689654, -15.5193734], [46.4940077, -15.5104475], [46.4642968, -15.5165709], [46.4252728, -15.5595869], [46.4372749, -15.5659487], [46.4451427, -15.5890804], [46.4363667, -15.6074268], [46.4514654, -15.6189191], [46.4342263, -15.6244419], [46.4306334, -15.6046307], [46.4402115, -15.587052], [46.42287106266233, -15.561963288446718], [46.3528212, -15.6253444], [46.3004766, -15.7099697], [46.3044685, -15.7285449], [46.3989918, -15.7199789], [46.3734429, -15.7371424], [46.4038542, -15.7443303], [46.379902, -15.7680129], [46.3562029, -15.7642977], [46.323477, -15.8041694], [46.2126457, -15.8531576], [46.2101827, -15.8123005], [46.232964, -15.8175821], [46.2474669, -15.7525829], [46.2322278, -15.7176351], [46.1214199, -15.712116], [46.0901771, -15.7218965], [46.0812617, -15.736328], [46.0667079, -15.7452765], [46.0405043, -15.7765978], [46.0277837, -15.786448], [46.0185195, -15.7960235], [46.0181264, -15.7973134], [46.0291127, -15.7861839], [46.0473342, -15.7774257], [46.039764, -15.7879367], [46.010311, -15.804048], [46.0056811, -15.8094797], [46.0030532, -15.8161899], [46.0042778, -15.8215944], [46.0058801, -15.8227458], [46.008599, -15.8076626], [46.0238648, -15.800764], [46.0078684, -15.8213202], [46.0398974, -15.8140839], [46.0790067, -15.7626273], [46.0775309, -15.7854342], [46.129894, -15.7765379], [46.0855024, -15.8085801], [46.1144835, -15.8287849], [46.1378728, -15.8237688], [46.1214048, -15.8292644], [46.1299516, -15.8348875], [46.1299832, -15.8405549], [46.1113776, -15.8447728], [46.1046084, -15.8234254], [46.0694512, -15.8174188], [46.0448054, -15.8371177], [46.0948711, -15.8435689], [46.0999959, -15.8561659], [46.080987, -15.8601258], [46.1109737, -15.8682179], [46.0732344, -15.8787128], [46.0746937, -15.9029215], [46.028627, -15.8480153], [45.9483466, -15.8682184], [45.951453, -15.8495265], [45.9654549, -15.8557769], [45.945728, -15.8203117], [45.9624267, -15.8063264], [45.952065, -15.8097212], [45.9503772, -15.7901491], [45.9664698, -15.7893053], [45.9317121, -15.7813412], [45.9099908, -15.8622001], [45.905467, -15.8027069], [45.8977904, -15.8117558], [45.9009378, -15.8614651], [45.8979588, -15.8498841], [45.8928953, -15.8483593], [45.8986647, -15.8591559], [45.8906118, -15.8738739], [45.8598158, -15.8302013], [45.8492463, -15.848277], [45.8414588, -15.8315613], [45.8292779, -15.8465509], [45.8121931, -15.8337341], [45.7854084, -15.858308], [45.7928166, -15.9149602], [45.7559476, -15.880827], [45.7451673, -15.8447953], [45.7131841, -15.832021], [45.7034865, -15.7983019], [45.7673736, -15.8049127], [45.7652171, -15.7975782], [45.7101276, -15.7950594], [45.6696117, -15.7736753], [45.6741934, -15.7914385], [45.6526918, -15.8074778], [45.6650645, -15.8071828], [45.6578663, -15.8440474], [45.6356862, -15.8582838], [45.6470632, -15.8783462], [45.6374637, -15.8732218], [45.6394671, -15.91753], [45.6519156, -15.8972675], [45.6615557, -15.9143719], [45.6315206, -15.9306931], [45.6260217, -15.9605954], [45.6590084, -15.9496761], [45.6572125, -15.9705502], [45.6308831, -15.9822229], [45.6399171, -15.9754975], [45.6377646, -15.9685478], [45.6127941, -15.989489], [45.5998062, -16.010652], [45.6582182, -16.0743747], [45.6640201, -16.0962558], [45.6266287, -16.0698321], [45.624043, -16.0950882], [45.6160515, -16.0961418], [45.6104199, -16.0845643], [45.5997934, -16.0954151], [45.6021391, -16.0778892], [45.5584855, -16.0947542], [45.5432368, -16.0731517], [45.530228, -16.0912192], [45.5126003, -16.0758037], [45.4753004, -16.0782086], [45.5053425, -16.0508297], [45.5157806, -16.0690975], [45.5280356, -16.0682946], [45.5461952, -16.0344982], [45.5340544, -16.0271854], [45.5162523, -16.0453933], [45.5114534, -16.0441166], [45.5164604, -16.0227203], [45.5513786, -16.0301051], [45.5486488, -16.0060221], [45.5747624, -16.0091748], [45.5517566, -15.9736804], [45.5307226, -15.9760522], [45.5352153, -15.9629012], [45.4953465, -15.9949444], [45.508066, -15.9688929], [45.3522913, -15.9845338], [45.3628811, -16.0230349], [45.3832893, -16.0376853], [45.3635458, -16.0220032], [45.3736271, -15.9994413], [45.441535, -15.9919702], [45.3780418, -16.0804637], [45.3362698, -16.0818171], [45.3257877, -16.1005532], [45.3764857, -16.1032675], [45.3788295, -16.1226274], [45.3555697, -16.1298814], [45.3306578, -16.1101715], [45.3130991, -16.1302943], [45.3210944, -16.1296378], [45.3405791, -16.1454533], [45.3117957, -16.1491042], [45.3218099, -16.1604257], [45.3230197, -16.1663497], [45.3080997, -16.1722977], [45.3043401, -16.1545257], [45.2435522, -16.1481626], [45.2546603, -16.0793579], [45.2722326, -16.0681281], [45.2823809, -16.0842184], [45.2711029, -16.0208516], [45.2924404, -16.0383436], [45.2855465, -16.0615412], [45.2944446, -16.042721], [45.2873618, -16.0267564], [45.2680226, -16.008746], [45.267929, -15.9384076], [45.255544, -15.9361038], [45.1405502, -15.9985611], [45.1373678, -16.0191752], [45.1456207, -16.011698], [45.1520178, -16.0165889], [45.1405742, -16.0330863], [45.1517641, -16.0333364], [45.1515003, -16.0369436], [45.1637602, -16.0420877], [45.1706957, -16.0518729], [45.1376477, -16.0390141], [45.1341985, -16.0604014], [45.1385994, -16.0673551], [45.1477938, -16.0686371], [45.1503697, -16.0724114], [45.1312726, -16.0681326], [45.1347116, -16.0310289], [45.1227188, -16.0243372], [45.1315092, -16.022786], [45.1292399, -16.0158308], [45.1346978, -16.0104167], [45.138156, -16.0032003], [45.1370881, -15.9998516], [45.0161633, -16.120475], [45.0441453, -16.1003745], [45.0266913, -16.1220199], [45.0454817, -16.117379], [45.0454868, -16.1397944], [45.0358881, -16.1266563], [45.0278941, -16.1431469], [45.0233602, -16.1242099], [44.9929732, -16.1637606], [44.9705791, -16.1640163], [45.0129697, -16.1959662], [45.0189675, -16.1830834], [45.0249705, -16.2120675], [44.990838, -16.2168357], [44.953778, -16.1887473], [44.9129691, -16.2226146], [44.8940462, -16.2021236], [44.9038967, -16.2338189], [44.9831982, -16.3248279], [44.9525661, -16.3805416], [45.0178738, -16.4558743], [45.0224705, -16.5077714], [45.1212673, -16.6044206], [45.1818409, -16.6249361], [45.2283649, -16.6704702], [45.2695255, -16.672101], [45.2665653, -16.7376662], [45.2874966, -16.7805949], [45.3492603, -16.8314353], [45.3912296, -16.8914921], [45.4522991, -16.8583423], [45.4714031, -16.9095451], [45.5178127, -16.9601509]]]}}, {"type": "Feature", "properties": {"name": "Betsiboka"}, "geometry": {"type": "Polygon", "coordinates": [[[45.9582939, -17.7987633], [45.9852562, -17.7916412], [46.0003471, -17.8189907], [46.0500717, -17.8402805], [46.1599693, -17.8195152], [46.150753, -17.8452606], [46.1705284, -17.8539886], [46.1996078, -17.8254967], [46.2299194, -17.8328514], [46.2975044, -17.7974014], [46.3428001, -17.8114109], [46.3529434, -17.7764854], [46.4117737, -17.788826], [46.4335365, -17.7685757], [46.4897881, -17.7588005], [46.5290833, -17.7153931], [46.6146431, -17.7274895], [46.7544899, -17.6901093], [46.8402939, -17.7207279], [46.8758049, -17.7013149], [46.9057083, -17.7472496], [46.8935966, -17.7781887], [46.9049034, -17.8160591], [46.9527397, -17.801239], [47.002018, -17.8082008], [47.0410769, -17.8791081], [47.0530966, -17.8778963], [47.0494576, -17.8349285], [47.0723724, -17.798254], [47.1938782, -17.7295284], [47.2801094, -17.7192135], [47.3386841, -17.7607651], [47.359417, -17.8238297], [47.4604645, -17.886816], [47.5088844, -17.8910503], [47.7192383, -17.8151951], [47.77705, -17.7370396], [47.8350067, -17.7268162], [47.8789368, -17.747015], [47.8962898, -17.8143291], [47.9207802, -17.8495636], [47.9336777, -17.845438], [47.9786224, -17.7294178], [48.0025118, -17.7286201], [47.9991034, -17.6803744], [48.0436331, -17.6723282], [48.0553274, -17.6412261], [48.0409144, -17.5962333], [48.0495158, -17.5620575], [48.0737957, -17.5643641], [48.0773453, -17.5209539], [48.1115666, -17.5018716], [48.1265977, -17.4652629], [48.1277948, -17.4470343], [48.0710694, -17.4438233], [48.0790339, -17.4144691], [48.1026004, -17.4119544], [48.1057917, -17.3328959], [48.1334331, -17.3386843], [48.1490802, -17.3216429], [48.1489736, -17.2314365], [48.1740499, -17.231728], [48.19702, -17.181735], [48.1729929, -17.1019367], [48.1843083, -17.0622747], [48.1313385, -17.0663924], [48.0608254, -16.9970178], [48.0846252, -16.999485], [48.0663278, -16.9676257], [48.0714967, -16.9435608], [48.0463905, -16.9400711], [48.0421371, -16.9243336], [48.0653513, -16.9253782], [48.0681197, -16.9065509], [48.0104406, -16.8539686], [48.0082359, -16.8207779], [47.9305907, -16.732023], [47.946832, -16.6490371], [47.8967415, -16.5498598], [47.8093739, -16.5395612], [47.7492695, -16.4701584], [47.7022266, -16.4920548], [47.6524372, -16.486739], [47.655901, -16.4251621], [47.6388912, -16.408881], [47.5477543, -16.4348362], [47.4818821, -16.4085949], [47.4214077, -16.4098118], [47.4088917, -16.4015205], [47.4097652, -16.3385265], [47.3796864, -16.3079154], [47.3433666, -16.3013542], [47.240572, -16.4013069], [47.2208729, -16.4431122], [47.1901722, -16.4499768], [47.1649036, -16.4839925], [47.1796513, -16.5270051], [47.2058773, -16.5390424], [47.2159901, -16.5662545], [47.2464085, -16.5665426], [47.3230381, -16.6129255], [47.3134022, -16.6733942], [47.2642269, -16.6799631], [47.1676426, -16.5928716], [47.143198, -16.5845518], [47.1085796, -16.5974149], [47.0323162, -16.5509366], [46.9080105, -16.64009], [46.8525448, -16.6308031], [46.835043, -16.6012601], [46.8055553, -16.58887], [46.7759571, -16.6071195], [46.7485676, -16.5938653], [46.6817112, -16.6033926], [46.632513, -16.6633673], [46.6762486, -16.7614852], [46.6309643, -16.8031493], [46.6479969, -16.8673812], [46.5907459, -16.9044124], [46.5761089, -16.9622299], [46.4936008, -16.9604504], [46.4605961, -16.9809277], [46.4516811, -17.0745824], [46.4214191, -17.0816015], [46.3874683, -17.0562165], [46.3504581, -17.0895513], [46.3375072, -17.1479391], [46.3002987, -17.1614908], [46.307333, -17.183597], [46.2844486, -17.2026686], [46.2981129, -17.2187952], [46.2802677, -17.2770495], [46.2171307, -17.2360892], [46.2194309, -17.2080168], [46.1385479, -17.2120947], [46.0850925, -17.0839246], [45.9957752, -17.0328553], [46.0265446, -17.0024197], [46.0252323, -16.980922], [45.886282, -17.0024979], [45.735487, -16.9513619], [45.7119465, -16.9181587], [45.6763554, -16.9453785], [45.5580235, -16.9668763], [45.5178127, -16.9601509], [45.4944248, -17.0848592], [45.5552502, -17.3115993], [45.6036968, -17.4270149], [45.6329021, -17.4436356], [45.7339077, -17.4497257], [45.8517895, -17.4169117], [45.8890705, -17.4384247], [45.8907413, -17.4840161], [45.8515949, -17.5304257], [45.8242321, -17.5972802], [45.8711987, -17.677368], [45.9128437, -17.6885946], [45.9440556, -17.7246741], [45.9582939, -17.7987633]]]}}, {"type": "Feature", "properties": {"name": "Analamanga"}, "geometry": {"type": "Polygon", "coordinates": [[[47.8556366, -19.5172386], [47.8852768, -19.4752388], [47.9297829, -19.3491039], [47.9181366, -19.3173008], [47.9294739, -19.2633133], [47.8856087, -19.211834], [47.8975601, -19.1595707], [47.88834, -19.122591], [47.9600182, -19.0006619], [47.9261742, -18.9391155], [47.9372749, -18.9112434], [47.9191437, -18.7497978], [47.9864311, -18.5616264], [47.9996872, -18.4783859], [47.9904518, -18.4342518], [48.0380859, -18.4228535], [48.0454903, -18.3904076], [48.0134735, -18.3096695], [48.0220451, -18.2680435], [47.9998207, -18.2153721], [47.9819832, -18.048542], [47.9449539, -17.9666824], [47.8932724, -17.899786], [47.9219856, -17.854372], [47.8789368, -17.747015], [47.853035, -17.7273273], [47.77705, -17.7370396], [47.7398872, -17.7770023], [47.7354469, -17.805975], [47.5088844, -17.8910503], [47.4604645, -17.886816], [47.3699379, -17.8335724], [47.3386841, -17.7607651], [47.2801094, -17.7192135], [47.1938782, -17.7295284], [47.0723724, -17.798254], [47.0423951, -17.8791729], [47.002018, -17.8082008], [46.9527397, -17.801239], [46.9049034, -17.8160591], [46.8935966, -17.7781887], [46.9057083, -17.7472496], [46.8758049, -17.7013149], [46.8402939, -17.7207279], [46.7346687, -17.6900501], [46.6386986, -17.72299], [46.5485497, -17.7269421], [46.5403271, -17.8341361], [46.65098, -18.0183845], [46.6989307, -18.1983623], [46.7639713, -18.2837508], [46.8165569, -18.411535], [46.8891354, -18.4544552], [46.9431744, -18.4505586], [46.9801884, -18.491932], [47.010458, -18.5797561], [47.047575, -18.5958767], [47.0821323, -18.6868535], [47.1352482, -18.735675], [47.1684818, -18.7546356], [47.2123432, -18.7440481], [47.2770481, -18.7543914], [47.3589916, -18.7862187], [47.376215, -18.8843213], [47.3880177, -18.9000948], [47.4343319, -18.9080921], [47.4676609, -18.9826527], [47.4752636, -19.0503527], [47.4992275, -19.0942209], [47.4841709, -19.1595825], [47.5398769, -19.1357678], [47.5732594, -19.1523271], [47.551157, -19.2017398], [47.5814037, -19.3919215], [47.7938366, -19.4637337], [47.8221951, -19.5015232], [47.8556366, -19.5172386]]]}}, {"type": "Feature", "properties": {"name": "Bongolava"}, "geometry": {"type": "Polygon", "coordinates": [[[45.5495605, -18.272501], [45.6088982, -18.3313065], [45.5783463, -18.391819], [45.6023178, -18.5667439], [45.4753799, -18.7218208], [45.5072212, -18.7898541], [45.4936867, -18.9093552], [45.5787048, -19.0717373], [45.6706314, -19.1179409], [45.6805801, -19.2069798], [45.7517929, -19.2426224], [45.7477951, -19.3059998], [45.8134308, -19.3587856], [45.8192749, -19.4119167], [45.8047104, -19.4674091], [45.892808, -19.4397709], [45.9160357, -19.4571717], [45.9539385, -19.4316361], [45.9857874, -19.4367516], [46.0093088, -19.4217141], [46.1274652, -19.4589684], [46.1664095, -19.4120133], [46.2099667, -19.4077312], [46.2241116, -19.3845784], [46.2886868, -19.3568442], [46.3254757, -19.3051217], [46.3510494, -19.2934986], [46.3773746, -19.213012], [46.5049305, -19.0790806], [46.510931, -19.037219], [46.5545444, -18.984335], [46.5541477, -18.9458912], [46.5902195, -18.8803426], [46.6164265, -18.78463], [46.6526241, -18.7428846], [46.6892185, -18.7410078], [46.7104664, -18.7230085], [46.689249, -18.6787379], [46.7415257, -18.6714768], [46.8677654, -18.7008036], [46.9512157, -18.6961135], [47.055418, -18.7375937], [47.1314373, -18.7315075], [47.0821323, -18.6868535], [47.047575, -18.5958767], [47.010458, -18.5797561], [46.9801884, -18.491932], [46.9431744, -18.4505586], [46.8891354, -18.4544552], [46.8270779, -18.422462], [46.8145542, -18.3817008], [46.7838764, -18.357806], [46.7639713, -18.2837508], [46.6989307, -18.1983623], [46.65098, -18.0183845], [46.5403271, -17.8341361], [46.5485497, -17.7269421], [46.5290833, -17.7153931], [46.4897881, -17.7588005], [46.4335365, -17.7685757], [46.4117737, -17.788826], [46.3529434, -17.7764854], [46.3428001, -17.8114109], [46.2975044, -17.7974014], [46.2299194, -17.8328514], [46.1996078, -17.8254967], [46.1705284, -17.8539886], [46.150753, -17.8452606], [46.1599693, -17.8195152], [46.0500717, -17.8402805], [45.9684258, -17.7915154], [45.92873, -17.8591671], [45.9340439, -17.9027939], [45.9146385, -17.9522495], [45.8734283, -17.9826069], [45.844471, -18.0824528], [45.7900238, -18.1364861], [45.7885895, -18.2187843], [45.7307396, -18.2747822], [45.5976677, -18.2310982], [45.5495605, -18.272501]]]}}, {"type": "Feature", "properties": {"name": "Itasy"}, "geometry": {"type": "Polygon", "coordinates": [[[47.4841709, -19.1595825], [47.4992275, -19.0942209], [47.4752636, -19.0503527], [47.4676609, -18.9826527], [47.4343319, -18.9080921], [47.3880177, -18.9000948], [47.376215, -18.8843213], [47.3677616, -18.7994116], [47.353548, -18.7819178], [47.2123432, -18.7440481], [47.1684818, -18.7546356], [47.1068401, -18.7276147], [47.055418, -18.7375937], [46.9512157, -18.6961135], [46.8677654, -18.7008036], [46.7103825, -18.6745304], [46.689249, -18.6787379], [46.7102032, -18.7144008], [46.703474, -18.7318794], [46.6526241, -18.7428846], [46.6164265, -18.78463], [46.5902195, -18.8803426], [46.5541477, -18.9458912], [46.5545444, -18.984335], [46.510931, -19.037219], [46.4893475, -19.1011005], [46.3773746, -19.213012], [46.3510494, -19.2934986], [46.2099667, -19.4077312], [46.1664095, -19.4120133], [46.2328014, -19.4402966], [46.3570766, -19.4344126], [46.4554653, -19.3890072], [46.4920559, -19.4144316], [46.5267506, -19.4022496], [46.6226025, -19.4238804], [46.7065105, -19.3378188], [46.7484188, -19.3333633], [46.8080387, -19.3008322], [46.8269978, -19.2621481], [46.8810787, -19.239331], [46.9320126, -19.2491994], [47.0836124, -19.2053484], [47.0906391, -19.269827], [47.1270199, -19.2853582], [47.1442661, -19.3154994], [47.2155972, -19.3089459], [47.2712803, -19.3469967], [47.2775059, -19.3135501], [47.4043713, -19.3092091], [47.4565639, -19.2896573], [47.4932537, -19.241986], [47.4841709, -19.1595825]]]}}, {"type": "Feature", "properties": {"name": "Atsimo-Andrefana"}, "geometry": {"type": "Polygon", "coordinates": [[[45.7617455, -20.8924446], [45.6981487, -20.9010698], [45.5345097, -20.9663866], [45.4946384, -21.0400279], [45.4014797, -21.0752148], [45.360323, -21.122984], [45.2989712, -21.1171373], [45.218317, -21.1520819], [45.1319599, -21.2382865], [45.0997143, -21.2984358], [45.0790081, -21.3053546], [44.9839802, -21.3055739], [44.9512501, -21.2945253], [44.9248257, -21.2548595], [44.6967106, -21.205322], [44.708559, -21.2986037], [44.6805325, -21.5458336], [44.7133923, -21.6220656], [44.6943378, -21.7070058], [44.7050953, -21.740001], [44.6063175, -21.7490142], [44.5844326, -21.7819636], [44.4174557, -21.8338419], [44.3625774, -21.8312209], [44.306963, -21.8498025], [44.2835598, -21.8166966], [44.262804, -21.8510577], [44.2317715, -21.8591305], [44.220171, -21.8081469], [44.1809521, -21.7948378], [44.0903034, -21.8351085], [44.0380154, -21.8975604], [43.9724598, -21.9020813], [43.8892803, -21.8669305], [43.8591366, -21.8086734], [43.7660427, -21.7000966], [43.7472057, -21.6104772], [43.6452694, -21.4686401], [43.5807514, -21.413336], [43.5864048, -21.3589266], [43.5618814, -21.3501442], [43.5568243, -21.3614284], [43.5561551, -21.3455894], [43.5458017, -21.3644225], [43.5345063, -21.3671562], [43.5348554, -21.3596934], [43.5298833, -21.3622245], [43.5310158, -21.3588877], [43.5296316, -21.3599052], [43.5301991, -21.358108], [43.5277183, -21.3588588], [43.526608, -21.387425], [43.5126531, -21.3811233], [43.5024265, -21.386696], [43.5124163, -21.3909039], [43.4933702, -21.4121012], [43.4948682, -21.4536903], [43.4725167, -21.4610824], [43.5232929, -21.4710637], [43.4960807, -21.4695339], [43.5084345, -21.498735], [43.5272135, -21.491436], [43.5295983, -21.5004674], [43.5100638, -21.5008091], [43.497522, -21.4898845], [43.4965277, -21.479578], [43.4852519, -21.4794763], [43.5040663, -21.52238], [43.5000272, -21.5406218], [43.4886634, -21.5219839], [43.4831678, -21.5478056], [43.5212152, -21.5405535], [43.5021306, -21.5501657], [43.5208461, -21.5498179], [43.5268319, -21.5565643], [43.5203987, -21.5668047], [43.5153273, -21.5513135], [43.4941325, -21.5518956], [43.4857148, -21.5675229], [43.4733415, -21.6451539], [43.4912192, -21.6471193], [43.4723421, -21.6616201], [43.4803704, -21.6707038], [43.4801786, -21.6627218], [43.4894789, -21.6555986], [43.505756, -21.6794296], [43.4970533, -21.7218268], [43.4868758, -21.6939319], [43.4555043, -21.6781971], [43.4581985, -21.645014], [43.4302988, -21.6532478], [43.3901596, -21.7218522], [43.3480695, -21.7502233], [43.3613386, -21.8096056], [43.3442628, -21.844186], [43.3535293, -21.9016817], [43.3336724, -21.9606856], [43.31582, -21.9535535], [43.3142759, -21.9908615], [43.3034207, -21.9753053], [43.2658224, -22.0034837], [43.2715619, -21.9626176], [43.2589454, -21.9563067], [43.2300035, -22.1644868], [43.2423151, -22.1633331], [43.2603744, -22.1328967], [43.2745723, -22.1240387], [43.2491492, -22.1693267], [43.2648923, -22.1925313], [43.2951312, -22.1373821], [43.3158692, -22.2171338], [43.2961916, -22.2784466], [43.2805335, -22.2244861], [43.237146, -22.2232495], [43.2202072, -22.2511204], [43.2394368, -22.283246], [43.2279713, -22.326105], [43.2611467, -22.372537], [43.2736767, -22.4744461], [43.2889669, -22.4961232], [43.2876585, -22.5797598], [43.3372138, -22.703093], [43.3553432, -22.8104367], [43.4480538, -22.9539079], [43.4742467, -22.9776644], [43.4835047, -22.9707187], [43.4901538, -23.0028169], [43.5939022, -23.0689546], [43.6104847, -23.1054593], [43.621983, -23.2066528], [43.6096886, -23.2544799], [43.6317604, -23.3501651], [43.6431929, -23.3644036], [43.6640446, -23.3542539], [43.7662696, -23.4603783], [43.746422, -23.5297408], [43.7319896, -23.5119454], [43.7433267, -23.5547351], [43.7695506, -23.5574392], [43.771595, -23.5777894], [43.7537835, -23.5713411], [43.7269513, -23.5939805], [43.6619254, -23.6098607], [43.6358151, -23.6704645], [43.6509686, -23.6800838], [43.6398657, -23.7228407], [43.6519719, -23.7537134], [43.6333904, -23.7498235], [43.6648458, -23.8185913], [43.6520263, -23.8408716], [43.6751402, -23.8956474], [43.6602498, -23.9138385], [43.6771495, -24.0390114], [43.6624689, -24.2380872], [43.6829599, -24.3738969], [43.7537744, -24.4589118], [43.8385629, -24.5185245], [43.9347654, -24.6355663], [43.943214, -24.6887736], [43.919312, -24.7133598], [43.9201046, -24.7358348], [43.9563728, -24.8133015], [44.0189818, -24.8711256], [44.0373471, -24.9640983], [44.0219642, -24.9842224], [44.039491, -25.0131309], [44.0552009, -25.0123892], [44.0650252, -25.0404345], [44.1119482, -25.0795564], [44.1554872, -25.0682297], [44.1922215, -25.0789364], [44.3136505, -25.1687429], [44.3546202, -25.2228383], [44.3523451, -25.2662726], [44.514515, -25.2891405], [44.5021343, -25.2302703], [44.5281162, -25.1752071], [44.7923946, -24.9439966], [44.8647785, -24.9100859], [44.9006901, -24.9094183], [44.9826565, -24.7857745], [45.0270672, -24.7628768], [45.0699902, -24.6515526], [45.0564251, -24.593596], [45.0925198, -24.5595384], [45.0790081, -24.555531], [45.080492, -24.4994665], [45.0502567, -24.4038035], [45.0491314, -24.3142097], [45.1302891, -24.1514615], [45.1423664, -23.9918489], [45.194952, -23.9266062], [45.1863918, -23.8698073], [45.1630764, -23.8388931], [45.2733746, -23.7765762], [45.3485203, -23.7662288], [45.4082603, -23.7774267], [45.405309, -23.7279029], [45.3882571, -23.7083884], [45.4213772, -23.6600398], [45.4226888, -23.6137766], [45.459744, -23.5762133], [45.4206088, -23.5162871], [45.4418288, -23.4851392], [45.3965057, -23.4719266], [45.3616568, -23.4287056], [45.3283174, -23.4421124], [45.3061903, -23.4758691], [45.2879858, -23.4585114], [45.2378604, -23.4678463], [45.2009327, -23.439207], [45.2201828, -23.3888502], [45.2803584, -23.3508257], [45.3287908, -23.1973256], [45.354695, -23.1671451], [45.3484154, -23.1203493], [45.2270164, -23.1324787], [45.1819611, -23.0631733], [45.064415, -23.0608978], [44.9973335, -22.9944153], [44.9784698, -22.8697701], [45.0100784, -22.7950668], [45.0310707, -22.6620216], [45.1454277, -22.4581299], [45.1932831, -22.4265823], [45.2024994, -22.3882637], [45.2377014, -22.3513908], [45.2398224, -22.2659569], [45.2928314, -22.213501], [45.2924957, -22.1472454], [45.2698174, -22.1102791], [45.270359, -22.0259628], [45.2173882, -21.9702816], [45.2059517, -21.9274101], [45.3685455, -21.8652687], [45.4185791, -21.7169189], [45.4781723, -21.6848335], [45.4771042, -21.6463795], [45.517662, -21.6310081], [45.5286903, -21.6107483], [45.5034447, -21.5080795], [45.5555687, -21.4483452], [45.591362, -21.3342113], [45.6571274, -21.2831821], [45.7528839, -21.2398472], [45.7653465, -21.194334], [45.743084, -21.0917072], [45.7771568, -21.0331764], [45.7617455, -20.8924446]]]}}, {"type": "Feature", "properties": {"name": "Androy"}, "geometry": {"type": "Polygon", "coordinates": [[[45.4082603, -23.7774267], [45.3485203, -23.7662288], [45.2733746, -23.7765762], [45.1630764, -23.8388931], [45.1863918, -23.8698073], [45.194952, -23.9266062], [45.1423664, -23.9918489], [45.1302891, -24.1514615], [45.0491314, -24.3142097], [45.0502567, -24.4038035], [45.080492, -24.4994665], [45.0790081, -24.555531], [45.0925198, -24.5595384], [45.0564251, -24.593596], [45.0699902, -24.6515526], [45.0270672, -24.7628768], [44.9826565, -24.7857745], [44.9006901, -24.9094183], [44.8647785, -24.9100859], [44.7923946, -24.9439966], [44.6546116, -25.0550042], [44.632185, -25.0918465], [44.5281162, -25.1752071], [44.5021343, -25.2302703], [44.514515, -25.2891405], [44.7081695, -25.3128724], [44.8066196, -25.3406126], [44.8903586, -25.3863141], [44.9379215, -25.4193631], [44.9734601, -25.477998], [45.1192904, -25.5377165], [45.1384979, -25.5950975], [45.1660459, -25.6061415], [45.2748861, -25.5835449], [45.5052064, -25.5759699], [45.6037151, -25.5431519], [45.8732437, -25.3643344], [46.2597709, -25.2075254], [46.2488509, -25.192146], [46.2696643, -25.1758544], [46.2558231, -25.1406307], [46.2814255, -25.1010723], [46.2648754, -25.0652339], [46.2115432, -25.0458745], [46.2034467, -25.0290566], [46.1751054, -25.0315341], [46.1526174, -24.9765621], [46.0768663, -24.951312], [46.0588335, -24.902386], [45.9925415, -24.8531242], [45.9860175, -24.8170012], [45.9353644, -24.7620979], [45.9734825, -24.7403296], [45.9944474, -24.6888559], [45.9751744, -24.6572116], [45.9418789, -24.6566273], [45.9315176, -24.6400291], [45.9724225, -24.5954835], [45.9074949, -24.4613021], [45.9314102, -24.4549676], [45.9818871, -24.4883316], [46.00713, -24.4756927], [45.9771181, -24.4071531], [45.9595744, -24.3992732], [45.9745582, -24.3764286], [45.9584098, -24.3394382], [45.9130125, -24.3460258], [45.8810137, -24.3316596], [45.8513336, -24.2314736], [45.7961472, -24.2192092], [45.8184073, -24.154484], [45.7905822, -24.1455976], [45.7766697, -24.1147019], [45.7483809, -24.1134321], [45.7595205, -24.0521888], [45.7437803, -24.0027701], [45.7037739, -23.9838961], [45.6840986, -23.9934832], [45.6857382, -23.9398461], [45.6716376, -23.9365492], [45.5923882, -23.9858711], [45.5479549, -23.9828236], [45.5069647, -24.0118826], [45.4761401, -23.9981029], [45.4574485, -23.9831232], [45.4485946, -23.9372746], [45.4531855, -23.9075992], [45.4761401, -23.887512], [45.4082603, -23.7774267]]]}}, {"type": "Feature", "properties": {"name": "Atsimo-Atsinanana"}, "geometry": {"type": "Polygon", "coordinates": [[[46.4739355, -23.6428776], [46.4329262, -23.7271843], [46.3898201, -23.7742348], [46.3932037, -23.8312397], [46.497345, -23.8789597], [46.5380974, -23.9177837], [46.6443062, -23.9473839], [46.7290878, -24.0965271], [46.8492241, -24.1317635], [46.866951, -24.1704483], [46.8678436, -24.2789288], [46.8806343, -24.2992764], [46.9827439, -24.2722817], [47.0096529, -24.2308012], [47.0365436, -24.2209416], [47.0450604, -24.1604227], [47.0146429, -24.127111], [47.0542699, -24.0789261], [47.0745447, -24.0880012], [47.1293937, -24.0651994], [47.1161098, -24.0394019], [47.1383286, -24.0225279], [47.121418, -24.0053083], [47.1152447, -23.9759847], [47.1266906, -23.9677297], [47.2201951, -23.9913732], [47.2441002, -24.0254314], [47.2748373, -24.0231354], [47.2894246, -24.0582269], [47.3206471, -24.0536757], [47.337857, -24.0856788], [47.3877107, -24.0917238], [47.4171181, -24.13376], [47.4786688, -24.042214], [47.5920624, -23.7880753], [47.647234, -23.4798474], [47.7123492, -23.3256553], [47.8251443, -22.9006033], [47.8935287, -22.4833449], [47.9673601, -22.2762162], [47.9072782, -22.2765447], [47.8713247, -22.2586099], [47.8345396, -22.2687742], [47.7750036, -22.2196371], [47.6999533, -22.2711756], [47.6290151, -22.2231676], [47.6037084, -22.2579195], [47.5065672, -22.2618143], [47.4610502, -22.206814], [47.4356863, -22.1996767], [47.4149725, -22.2174761], [47.4094183, -22.2647955], [47.3496992, -22.320471], [47.2843992, -22.3087389], [47.2677099, -22.2749044], [47.1616651, -22.210932], [47.1375257, -22.2206709], [47.1053793, -22.2080271], [47.064028, -22.1481783], [46.9962637, -22.1835272], [47.0114424, -22.3057119], [47.0593588, -22.3318636], [47.1074507, -22.4454595], [47.103594, -22.5277426], [47.1255476, -22.5595857], [47.1133711, -22.6123277], [47.1378614, -22.6183664], [47.1545317, -22.6731321], [47.1861517, -22.6932165], [47.1935026, -22.7772104], [47.177931, -22.8176233], [47.1931097, -22.847439], [47.1899206, -22.9222471], [47.1522734, -22.9537584], [47.1895124, -23.0047914], [47.1807615, -23.0408994], [47.1506674, -23.0609933], [47.1297552, -23.045458], [47.1226522, -23.0136396], [47.0657713, -23.0038454], [47.0739195, -22.970894], [47.0605795, -22.9582693], [47.0129339, -22.9966165], [46.9478475, -22.9237177], [46.8965895, -22.9193212], [46.8734762, -22.9556753], [46.8276045, -22.9203169], [46.7977735, -22.9202425], [46.7707922, -22.9858057], [46.8574125, -23.1118318], [46.8426115, -23.1630956], [46.8114035, -23.1865179], [46.842539, -23.274275], [46.8552267, -23.3911973], [46.8346846, -23.4705087], [46.8102743, -23.4933683], [46.8324682, -23.5774976], [46.7045042, -23.6428815], [46.585684, -23.6158391], [46.4739355, -23.6428776]]]}}, {"type": "Feature", "properties": {"name": "Haute Matsiatra"}, "geometry": {"type": "Polygon", "coordinates": [[[45.776226, -21.0267525], [45.743084, -21.0917072], [45.7653465, -21.194334], [45.7528839, -21.2398472], [45.6571274, -21.2831821], [45.591362, -21.3342113], [45.5555687, -21.4483452], [45.5034447, -21.5080795], [45.529686, -21.5789127], [45.5213432, -21.6242466], [45.6023619, -21.6375677], [45.6269285, -21.6719362], [45.7117712, -21.6927855], [45.7811071, -21.7539103], [45.8647062, -21.7508642], [45.9459745, -21.6995699], [45.9644529, -21.7352755], [46.061598, -21.7328074], [46.1347029, -21.7671396], [46.2030775, -21.7644064], [46.2291395, -21.7995569], [46.3010313, -21.7965204], [46.2942106, -21.8452475], [46.3265325, -21.8566057], [46.3534529, -21.8452742], [46.3688719, -21.8935396], [46.4269659, -21.8826372], [46.4622442, -21.9186518], [46.4218351, -22.0136892], [46.4412405, -22.0737211], [46.4566023, -22.0887052], [46.4933912, -22.0860006], [46.5190946, -22.1319982], [46.5172407, -22.1743891], [46.5584547, -22.1711599], [46.5848104, -22.2177202], [46.6375715, -22.1797716], [46.7077543, -22.182295], [46.7774336, -22.1564009], [46.9519178, -22.2304861], [47.0056326, -22.2383234], [46.9962637, -22.1835272], [47.0761244, -22.140608], [47.0897848, -22.1099359], [47.1457731, -22.0784304], [47.1730482, -22.0147745], [47.2502729, -22.0110647], [47.3031065, -21.9720499], [47.2886145, -21.9287435], [47.249716, -21.9264509], [47.2298796, -21.878483], [47.2744505, -21.863064], [47.2892744, -21.8392546], [47.3361723, -21.8487017], [47.355303, -21.8154203], [47.3759596, -21.6519033], [47.3587057, -21.6042959], [47.3790342, -21.5902254], [47.3981077, -21.4746], [47.4328367, -21.402178], [47.4063932, -21.3865168], [47.3879301, -21.3317339], [47.3433401, -21.3274614], [47.3955824, -21.1676199], [47.4253713, -21.1406214], [47.4013883, -21.0367777], [47.42684, -20.9764998], [47.457823, -20.9704401], [47.4455015, -20.9330122], [47.3903219, -20.9165652], [47.3473837, -20.9444258], [47.3038313, -20.9332545], [47.3066198, -20.861521], [47.2523863, -20.8210699], [47.2155821, -20.8489001], [47.1748182, -20.8422873], [47.1247885, -20.8835757], [47.0361463, -20.898699], [47.0078337, -20.9428484], [46.9486067, -20.9527971], [46.9364759, -21.0124571], [46.9005682, -21.0143969], [46.86537, -20.9864905], [46.8481809, -20.9878866], [46.8342878, -21.0131018], [46.7807752, -20.9627554], [46.7638113, -20.9669287], [46.7526914, -20.9279577], [46.7019178, -20.8965266], [46.6949522, -20.8761332], [46.6319563, -20.8423483], [46.5845434, -20.7621157], [46.5829985, -20.7047198], [46.535845, -20.7028105], [46.5086614, -20.7443049], [46.4595549, -20.7601568], [46.4280645, -20.7491057], [46.4133283, -20.7048437], [46.3185942, -20.764622], [46.2755606, -20.827801], [46.2172567, -20.8369314], [46.1813757, -20.9184935], [46.1536009, -20.9016764], [46.0529081, -20.9500811], [45.9263403, -20.9701082], [45.8993208, -21.0043318], [45.8139669, -21.0392287], [45.776226, -21.0267525]]]}}, {"type": "Feature", "properties": {"name": "Vatovavy-Fitovinany"}, "geometry": {"type": "Polygon", "coordinates": [[[47.4455015, -20.9330122], [47.457823, -20.9704401], [47.42684, -20.9764998], [47.4013883, -21.0367777], [47.4253713, -21.1406214], [47.3955824, -21.1676199], [47.3433401, -21.3274614], [47.3879301, -21.3317339], [47.4063932, -21.3865168], [47.4328367, -21.402178], [47.3981077, -21.4746], [47.3790342, -21.5902254], [47.3587057, -21.6042959], [47.3759596, -21.6519033], [47.3472807, -21.8412401], [47.2892744, -21.8392546], [47.2744505, -21.863064], [47.2298796, -21.878483], [47.249716, -21.9264509], [47.2886145, -21.9287435], [47.3031065, -21.9720499], [47.2502729, -22.0110647], [47.1730482, -22.0147745], [47.1457731, -22.0784304], [47.0897848, -22.1099359], [47.064028, -22.1481783], [47.1053793, -22.2080271], [47.1375257, -22.2206709], [47.1616651, -22.210932], [47.2677099, -22.2749044], [47.2843992, -22.3087389], [47.3496992, -22.320471], [47.4094183, -22.2647955], [47.4149725, -22.2174761], [47.4356863, -22.1996767], [47.4610502, -22.206814], [47.5065672, -22.2618143], [47.6037084, -22.2579195], [47.6290151, -22.2231676], [47.6999533, -22.2711756], [47.7750036, -22.2196371], [47.8345396, -22.2687742], [47.8713247, -22.2586099], [47.9072782, -22.2765447], [47.9673601, -22.2762162], [48.1301371, -21.9013572], [48.292625, -21.462268], [48.3511336, -21.2295363], [48.4411482, -20.9972269], [48.5039037, -20.7021258], [48.6000917, -20.410689], [48.4029312, -20.3721771], [48.3820343, -20.3542366], [48.3946228, -20.317709], [48.3835335, -20.3040085], [48.2252769, -20.2989426], [48.1450181, -20.2538283], [48.1015358, -20.2921352], [48.0732155, -20.4437866], [47.9752998, -20.423275], [47.9169922, -20.4456043], [47.8387108, -20.4421577], [47.7779465, -20.47019], [47.7614059, -20.4593334], [47.7180845, -20.485285], [47.7013571, -20.5272257], [47.6412184, -20.4854205], [47.5873701, -20.606682], [47.6000845, -20.7142641], [47.5272352, -20.7562887], [47.486479, -20.7417147], [47.4644338, -20.759247], [47.4656927, -20.8108942], [47.4353697, -20.8485167], [47.457781, -20.9044459], [47.4455015, -20.9330122]]]}}]}